fold,repeat,fold_in_repeat,model,threshold,auc,accuracy,f1,precision,recall,mcc,ece_before,ece_after,T,brier,nll,adaptive_ece,calib_slope,calib_intercept,gate_w0,gate_w1,gate_w2
0,0,0,global,0.17333333333333334,0.8904421515503583,0.8789248828238417,0.9271433919880194,0.8865816984104253,0.971594475831764,0.595247780136395,0.14413804708299,0.12170046831831834,0.7959798994974874,0.11681843116554645,0.3869600126712416,0.14413804708299002,1.096451426894456,1.2127973624818988,,,
0,0,0,soft_moe,0.17333333333333334,0.8879089388043447,0.8775975776680908,0.9263189433472323,0.8860759493670886,0.9703912952500523,0.590529770640076,0.14993812448173494,0.13730268645720645,0.8668341708542713,0.12189472044956969,0.3989307834806599,0.14993812778662774,0.9879743525763107,1.2985558984795282,0.16660718619823456,0.5356772541999817,0.2977127134799957
0,0,0,soft_moe_calibrated,0.15,0.887908938804345,0.8788419262516073,0.9269256748305106,0.8882389605408256,0.9691358024691358,0.5958348471451492,0.14993812448173494,0.13730268645720645,0.8668341708542713,,,,,,,,
0,0,0,soft_moe_isotonic,0.40083333333333326,0.8874249959568842,0.8778879256709112,0.9264735264735264,0.8864461861976678,0.9702866708516426,0.5916960262843739,0.14993812448173494,0.01115952723206953,0.8668341708542713,0.09180217846764407,0.31159757193188514,0.011466181319886987,0.9732093875417905,0.03042114630666001,,,
0,0,0,soft_moe_no_kl,0.15,0.8899758835837426,0.8807914056991165,0.9277490069887878,0.8930403639531507,0.9652646997279766,0.6050333309754374,0.1649616716736388,0.1649616716736388,,0.12694071159487963,0.4201443430923488,0.16496167972283862,0.9042869468638144,1.4595398112436249,0.40966811776161194,0.4292333424091339,0.16109633445739746
0,0,0,soft_moe_no_kl_isotonic,0.3483333333333333,0.8894285699498025,0.8755236633622299,0.9254169048388299,0.8814923535817433,0.9739485247959824,0.5812572611159419,0.1649616716736388,0.007816774899872364,,0.09123854420300122,0.30914929706875854,0.012496884856355289,0.9843019707143462,0.01382891092937147,,,
0,0,0,tabnet,0.20249999999999999,0.8869614991852792,0.876311750798457,0.9251844046364595,0.8889210297946196,0.9645323289391086,0.5881321431264865,0.18246195806843443,0.18246195806843443,0.7723618090452261,0.13146962858667374,0.43179325778791683,0.18246194089304835,1.1072016953802577,1.4135321040242281,,,
0,0,0,tabnet_isotonic,0.4591666666666666,0.8854373262135937,0.8790078393960762,0.9262844001920598,0.8959667562943046,0.9587256748273697,0.6017810992478528,0.18246195806843443,0.005451699492076851,0.7723618090452261,0.09316587681020831,0.31538680957211623,0.005685694673468658,0.9811543274509786,0.013880711732916754,,,
0,0,0,lstm,0.17916666666666667,0.8886054883616724,0.8790907959683106,0.9267974184475528,0.8912340014489254,0.9653170119271814,0.5984821996930236,0.15948425184474402,0.15948425184474402,0.8432160804020101,0.12308827307942832,0.40653096638274655,0.15948424368169722,1.030399113854214,1.343919405971414,,,
0,0,0,lstm_isotonic,0.46499999999999997,0.8881916949894321,0.8798788834045377,0.9269277351635042,0.895301228309612,0.9608704749947687,0.6038476729419746,0.15948425184474402,0.0061019922774801835,0.8432160804020101,0.09144191684677813,0.30957358191905776,0.00817096775604792,0.9965531349293031,0.0030803326442195578,,,
0,0,0,hard_moe,0.185,0.7602725789321204,0.8523787797088225,0.9130657807958181,0.8564358704119507,0.9777150031387319,0.4844460287144704,0.26983576961777356,0.27252108207672177,1.1266331658291457,,,,,,,,
0,0,0,hard_moe_isotonic,0.45333333333333325,0.7635171715815408,0.8529179974283463,0.9131223049784398,0.8587557603686636,0.974837832182465,0.48776684603424575,0.26983576961777356,0.007895592407885977,,,,,,,,,
1,0,1,global,0.24333333333333332,0.8696962008492242,0.8777220125264424,0.9259408129427724,0.8907632075015709,0.9640110896061097,0.5937845281143678,0.059989310456097254,0.07063322641275618,1.1030150753768844,0.10334349630617147,0.3536076530901469,0.06219835244122701,0.7244952736336482,0.8520155416923667,,,
1,0,1,soft_moe,0.19083333333333333,0.8814239991707609,0.8761458376539881,0.9245921511187434,0.8938040134759045,0.9575770256839462,0.5914370397894348,0.1477578467287281,0.14208363204887248,0.9376884422110552,0.12577739339151195,0.4076814413202266,0.14775786638746413,0.904283347280399,1.3222707205164739,0.1746857762336731,0.5317034125328064,0.29361122846603394
1,0,1,soft_moe_calibrated,0.17916666666666667,0.8814239991707609,0.8760214027956365,0.9244648859012914,0.8942505133470225,0.956792383742219,0.5914666929382797,0.1477578467287281,0.14208363204887248,0.9376884422110552,,,,,,,,
1,0,1,soft_moe_isotonic,0.4475,0.8810270728295262,0.8761458376539881,0.9246149962130775,0.8935734153125457,0.9578908824606371,0.5912363157631564,0.1477578467287281,0.008425158162310147,0.9376884422110552,0.0936700223155233,0.31475766518194265,0.009545861581261857,0.9867683525776484,0.063077791245405,,,
1,0,1,soft_moe_no_kl,0.16749999999999998,0.8815979553790223,0.8765191422290431,0.9251426990872288,0.8907611853573504,0.9622848773343098,0.5900578211835042,0.14883299583485032,0.14883299583485032,,0.12554648305164914,0.407504612889088,0.14883300946718883,0.9232956530036661,1.3248181456326138,0.4446839988231659,0.4211440682411194,0.13417354226112366
1,0,1,soft_moe_no_kl_isotonic,0.41833333333333333,0.8813026405883877,0.8766850553735119,0.9252808565181332,0.8904798761609907,0.9629125908876915,0.5903559689360959,0.14883299583485032,0.008515595758716306,,0.09352757387944469,0.31465513259603695,0.010567389018156084,0.9932991162133853,0.0525650008127756,,,
1,0,1,tabnet,0.185,0.8804987021971987,0.875731054792816,0.9244655102864058,0.892295712269431,0.9590416906418371,0.5889119987167866,0.124465853631468,0.124465853631468,0.9613065326633166,0.11888500549087064,0.3884306920332852,0.12446586272599193,0.8971106222488195,1.1722955050465818,,,
1,0,1,tabnet_isotonic,0.42999999999999994,0.8801155867277481,0.8757725330789332,0.9244926257405773,0.892300953864123,0.9590940001046189,0.5890400885261977,0.124465853631468,0.007776988168739611,0.9613065326633166,0.09458531070002602,0.31779501930581266,0.008760886623456653,0.9827868076824061,0.05931927922741302,,,
1,0,1,lstm,0.21999999999999997,0.8809927080692712,0.8747770542121199,0.9231943419747118,0.8986627043090639,0.9491028927132918,0.592214728688963,0.14723593106799998,0.14723593106799998,0.914070351758794,0.12408962230948918,0.406135118590165,0.1472359458247055,0.9286685147267838,1.3044633963706949,,,
1,0,1,lstm_isotonic,0.4591666666666666,0.8805864662007101,0.8747355759260027,0.9231395703960094,0.8989343246592317,0.9486844170110373,0.5923830496859915,0.14723593106799998,0.008591498457536009,0.914070351758794,0.09412844119805884,0.31636648398775663,0.009703359054901783,0.9919206368336613,0.050399037649046095,,,
1,0,1,hard_moe,0.2608333333333333,0.7839083256126579,0.8594715666348667,0.9166256521311152,0.8654677261954552,0.9742114348485641,0.5159348829303918,0.2307665170155648,0.216046808807572,0.7015075376884422,,,,,,,,
1,0,1,hard_moe_isotonic,0.4591666666666666,0.7910330536286001,0.8590567837736944,0.9164165887735524,0.8649301202581604,0.9744206726996913,0.5141142863506813,0.2307665170155648,0.010392601129609103,,,,,,,,,
2,0,2,global,0.20833333333333331,0.869865880407606,0.8768458602953376,0.9258398900961659,0.8859410105645585,0.9695019878635698,0.5878878843786453,0.0636953662567524,0.07192307467497677,1.079396984924623,0.10283888538917149,0.3548675323128166,0.06640550934341437,0.7258067236263235,0.8762105702487445,,,
2,0,2,soft_moe,0.19083333333333333,0.8839508142930341,0.8779243404678945,0.9256912006059841,0.8946751915662062,0.9589349236241892,0.5974446196718912,0.17505517167195134,0.16172399794621023,0.8668341708542713,0.13150420316657518,0.43030650857907443,0.1750551937341946,0.9686605329611432,1.455406508389911,0.17473484575748444,0.5284988284111023,0.29676446318626404
2,0,2,soft_moe_calibrated,0.16166666666666665,0.8839508142930341,0.8783391405342624,0.9258987898234001,0.8953823601270462,0.9585687382297552,0.5992609527822859,0.17505517167195134,0.16172399794621023,0.8668341708542713,,,,,,,,
2,0,2,soft_moe_isotonic,0.45333333333333325,0.8835986972334225,0.8781317405010785,0.9257518321961081,0.8954727681627066,0.9581502406361163,0.5987253166482369,0.17505517167195134,0.006167994191249207,0.8668341708542713,0.0926973560304862,0.31735465947157443,0.00507676755029077,0.9728310739601732,0.06874037696281121,,,
2,0,2,soft_moe_no_kl,0.22583333333333333,0.8833709054805748,0.8783391405342624,0.9257449555684955,0.896972967669136,0.9564239380623561,0.6006223463879309,0.1678692773312098,0.1678692773312098,,0.12838366577433652,0.41884597052134404,0.16786927620929637,1.018852996940148,1.3790129029071467,0.3857656419277191,0.4674738943576813,0.14676158130168915
2,0,2,soft_moe_no_kl_isotonic,0.4475,0.8828201550604005,0.8783391405342624,0.9259324730422486,0.8950349069960455,0.9590395480225988,0.5989727836832232,0.1678692773312098,0.006734519775679328,,0.09258445728633016,0.317431423539065,0.005204789644717306,0.9645961479532217,0.07933152972956176,,,
2,0,2,tabnet,0.19083333333333333,0.8825056216751573,0.8756844201095072,0.9246511627906977,0.8901205285831841,0.9619690311780708,0.5870151423385744,0.12570752165157745,0.12570752165157745,0.8904522613065327,0.11488737778219102,0.3840096154458203,0.12570752880839625,0.9372328058986855,1.1450014761691452,,,
2,0,2,tabnet_isotonic,0.4241666666666666,0.8821290042305816,0.8757673801227808,0.924705231666541,0.890131164996854,0.9620736555764804,0.5872781022638285,0.12570752165157745,0.007102829248259462,0.8904522613065327,0.09412160534654761,0.3207973322540395,0.005766620860894451,0.9809841499727847,0.057210479877693295,,,
2,0,2,lstm,0.20249999999999999,0.8830968585099206,0.8760162601626016,0.92454878202701,0.8933606517391093,0.9579933040385018,0.5906860952725315,0.13496495569311792,0.13496495569311792,0.914070351758794,0.11956298474301905,0.3924658639392733,0.1349649535928036,0.9304761663294958,1.2249935105768164,,,
2,0,2,lstm_isotonic,0.41833333333333333,0.8826024285854648,0.8760162601626016,0.9245830494789695,0.8930155480820783,0.9584641138313454,0.5903888426655024,0.13496495569311792,0.009767543716114777,0.914070351758794,0.09373054910988421,0.3171816295093203,0.007065804811048975,0.9841815280426305,0.05562520505227478,,,
2,0,2,hard_moe,0.21999999999999997,0.76094807247151,0.8505475360876058,0.9119178584525119,0.8559823764284731,0.9756748273697426,0.4769607841871554,0.26227585636746853,0.2625813306682404,1.008542713567839,,,,,,,,
2,0,2,hard_moe_isotonic,0.45333333333333325,0.7628927197933936,0.8503816160610586,0.9118502407194702,0.8556620648534605,0.9759363883657669,0.4761295322196761,0.26227585636746853,0.0050080513309051465,,,,,,,,,
3,0,3,global,0.2958333333333333,0.8744368317200386,0.8781732205077153,0.9258689012847371,0.8945520167780325,0.9594580456162377,0.5980831162045691,0.06194495446073016,0.0680206156150331,1.0557788944723618,0.10139626412711428,0.3516451421022812,0.06295781505882267,0.7341609626567694,0.8650605362084458,,,
3,0,3,soft_moe,0.21416666666666667,0.8837234417084492,0.8783806205408993,0.9260268442829751,0.8943469785575049,0.9600334798074911,0.5985366861356137,0.17701079698765634,0.16242789142219313,0.8432160804020101,0.13291658484429633,0.42915625484236875,0.1770108013498694,1.0429392477694623,1.4266809884438982,0.1723741590976715,0.5208307504653931,0.3067931830883026
3,0,3,soft_moe_calibrated,0.17333333333333334,0.8837234417084492,0.8783391405342624,0.9260631727545439,0.8936894857198463,0.9608704749947687,0.5978900778497092,0.17701079698765634,0.16242789142219313,0.8432160804020101,,,,,,,,
3,0,3,soft_moe_isotonic,0.42999999999999994,0.8828615793639775,0.8784221005475361,0.9260502081493629,0.8943905648423413,0.9600334798074911,0.5986959104880529,0.17701079698765634,0.004417483819089525,0.8432160804020101,0.09318639482001767,0.3165647555385403,0.005727702442473809,0.9533844071966382,0.04666187446310084,,,
3,0,3,soft_moe_no_kl,0.24333333333333332,0.8836066037947805,0.8782147005143521,0.9254443880142205,0.8992301618634031,0.95323289391086,0.6023138172694499,0.16290041515969886,0.16290041515969886,,0.12892969212489613,0.4151855957498065,0.1629004163816674,1.0334401832471858,1.3472343424826907,0.43034830689430237,0.4443745017051697,0.1252773404121399
3,0,3,soft_moe_no_kl_isotonic,0.4591666666666666,0.8833230102669396,0.8782147005143521,0.9254330268705236,0.8993484055681706,0.9530759573132455,0.6024245695521031,0.16290041515969886,0.006058929100513967,,0.09318662340568565,0.3154627778315554,0.005641578983196253,0.959779303048882,0.03719660096497508,,,
3,0,3,tabnet,0.19083333333333333,0.8822940884113054,0.875933300149328,0.9249868331953954,0.8884231825408296,0.9646892655367232,0.5865224124448689,0.14033368868827178,0.14033368868827178,0.8432160804020101,0.12091825700458844,0.394831142689942,0.14033368818654818,1.013538985166497,1.204032133020002,,,
3,0,3,tabnet_isotonic,0.4066666666666666,0.8818784568806638,0.8758918201426912,0.9249711620442349,0.8883055582313842,0.9647938899351328,0.5863080725300036,0.14033368868827178,0.0066733190859973165,0.8432160804020101,0.0943212477476662,0.3166135724844725,0.006109287932300984,0.9711641546462864,0.020028668710112572,,,
3,0,3,lstm,0.15583333333333332,0.8832643633873625,0.8784635805541728,0.9259914119727204,0.895281820845951,0.9588826114249843,0.5995455416622897,0.17316290068016585,0.17316290068016585,0.9613065326633166,0.13357740062171097,0.4345368451501663,0.17316287773337705,0.9339733693220378,1.4877578962608708,,,
3,0,3,lstm_isotonic,0.4591666666666666,0.882767648995874,0.8785465405674465,0.926116578349735,0.8945598128107634,0.9599811676082862,0.599204307952255,0.17316290068016585,0.0076376390903792335,0.9613065326633166,0.09314822440620339,0.31599651440833837,0.006381909305256652,0.9635285164736656,0.02434107054114923,,,
3,0,3,hard_moe,0.20833333333333331,0.761392574216256,0.8605027376804381,0.9174703673709784,0.8640965192067674,0.9778719397363466,0.519231288950665,0.2829255186279694,0.28625605547999133,1.221105527638191,,,,,,,,
3,0,3,hard_moe_isotonic,0.4591666666666666,0.7657846507121164,0.8608760577401693,0.9173443737986101,0.8672071568353369,0.9736346516007532,0.5220477948657193,0.2829255186279694,0.004895385844601786,,,,,,,,,
4,0,4,global,0.2375,0.8738672658844651,0.8770532603285216,0.9257849666983825,0.8878589952934396,0.9670956267001465,0.5897167223837032,0.07357253423277876,0.07190614982543295,0.9849246231155779,0.10370168711983725,0.35215270513047625,0.07360759374767376,0.8013076040141168,0.8734283269682173,,,
4,0,4,soft_moe,0.19666666666666666,0.8809271073516747,0.8758503401360545,0.925180611454141,0.8859577727773256,0.9680372462858339,0.5846180803860817,0.1570001663334182,0.13588297672919017,0.7959798994974874,0.125495803734243,0.4079087898601724,0.15700015410778123,1.0588330853122727,1.282038527607005,0.17655910551548004,0.5313279628753662,0.2921109199523926
4,0,4,soft_moe_calibrated,0.15,0.8809271073516747,0.8760162601626016,0.9252170432084865,0.8866829712751163,0.967252563297761,0.5856131619468101,0.1570001663334182,0.13588297672919017,0.7959798994974874,,,,,,,,
4,0,4,soft_moe_isotonic,0.46499999999999997,0.8804817096347669,0.8758088601294176,0.9252994011976048,0.8845163136805954,0.9700251098556183,0.5836375173652637,0.1570001663334182,0.009919296853369175,0.7959798994974874,0.09369514796584068,0.31681053916394575,0.005544686678948466,0.9473577840589473,0.058768351636997895,,,
4,0,4,soft_moe_no_kl,0.17916666666666667,0.8823008265411308,0.8765555002488801,0.9252974546915006,0.8894411736318888,0.9641661435446747,0.5892060633316933,0.14017958367332722,0.14017958367332722,,0.12289704236639841,0.39899042601262147,0.1401795797076877,0.9135374326177181,1.2676262236813711,0.41239556670188904,0.4183133840560913,0.169291153550148
4,0,4,soft_moe_no_kl_isotonic,0.4358333333333333,0.8820968383060102,0.8766799402687905,0.9253821248399969,0.8894195976262845,0.964375392341494,0.589580871191339,0.14017958367332722,0.00587122087999352,,0.09346713235866563,0.31539774391772807,0.0043669781205757765,0.9521410664738289,0.05382445220387811,,,
4,0,4,tabnet,0.19666666666666666,0.871830412023959,0.868218018914883,0.9205133978833596,0.8821752265861027,0.9623352165725048,0.5574557023855669,0.19648663880266728,0.19648663880266728,0.8195979899497488,0.14605707769823686,0.46013735112528675,0.196486649948503,1.1485869993464615,1.475104375548298,,,
4,0,4,tabnet_isotonic,0.4591666666666666,0.871302899244357,0.869462419113987,0.9210030875818962,0.8853337194150861,0.9596672944130571,0.564032463468058,0.19648663880266728,0.007636559353586586,0.8195979899497488,0.09827551334669606,0.32855243506070003,0.005675054405929796,0.970129589688046,0.028086789895006146,,,
4,0,4,lstm,0.17333333333333334,0.8816171631044072,0.8756429401028705,0.9248772176004811,0.8876010003847634,0.9654216363255911,0.5850256842484041,0.15947995128680867,0.15947995128680867,0.8195979899497488,0.12615847788899265,0.4130672086789135,0.1594799442150076,1.0041190339520494,1.3316832390136275,,,
4,0,4,lstm_isotonic,0.45333333333333325,0.8810248678697803,0.8758088601294176,0.9249285391906124,0.888182606183184,0.9648462021343377,0.5859589801037374,0.15947995128680867,0.007193631981317926,0.8195979899497488,0.093940201493656,0.3161495323577136,0.005485082867869604,0.9570220410290026,0.04633927987983467,,,
4,0,4,hard_moe,0.2841666666666667,0.7780012206598982,0.8618300978928156,0.917351065677493,0.8725161655732289,0.9670433145009416,0.528959059121236,0.232796813421766,0.22245549999284034,0.7723618090452261,,,,,,,,
4,0,4,hard_moe_isotonic,0.45333333333333325,0.7785475907717255,0.8619130579060893,0.9174334680919666,0.8722822242135547,0.9675141242937854,0.5290542251559477,0.232796813421766,0.0052800475410660795,,,,,,,,,
5,1,0,global,0.2375,0.8771492005526716,0.8801692314073583,0.927635698720036,0.8899408852789926,0.9686649926762921,0.601140096774863,0.06505699944471804,0.06843219946600809,1.0321608040201005,0.10060046814439799,0.34279448609618185,0.06602056573837012,0.7836692179012269,0.8391758035127306,,,
5,1,0,soft_moe,0.22583333333333333,0.8875736399236814,0.8802521879795927,0.9270793867293071,0.8963125763125763,0.9600334798074911,0.6057554092655484,0.16200380165742875,0.1372856587726811,0.7723618090452261,0.12403343574280223,0.40524285843295216,0.1620038185608844,1.090522754042533,1.3295421737213506,0.17062924802303314,0.5390029549598694,0.29036447405815125
5,1,0,soft_moe_calibrated,0.17916666666666667,0.8875736399236814,0.8805840142685304,0.92708623527922,0.8985713584368403,0.9574701820464532,0.6085702186953424,0.16200380165742875,0.1372856587726811,0.7723618090452261,,,,,,,,
5,1,0,soft_moe_isotonic,0.4475,0.8871638488066176,0.8802107096934755,0.9270559709032128,0.8962688025004883,0.9600334798074911,0.605597115586413,0.16200380165742875,0.004155919980416123,0.7723618090452261,0.09111460741411709,0.3068814666849416,0.005390267324706479,0.9896119333223743,0.02517776864510854,,,
5,1,0,soft_moe_no_kl,0.20249999999999999,0.8879683492440787,0.8804595794101787,0.92737627255317,0.8946421625826526,0.962596777568529,0.6051158895185694,0.15448659817400798,0.15448659817400798,,0.12173961782136254,0.39920192273348426,0.1544865850772336,1.0437776209062608,1.309979774775965,0.39927229285240173,0.4199221730232239,0.18080587685108185
5,1,0,soft_moe_no_kl_isotonic,0.4066666666666666,0.8876852944614194,0.8802521879795927,0.9272887545649162,0.8941182184661712,0.9630152751621678,0.6041009686740664,0.15448659817400798,0.0048035084131994536,,0.09095548132675377,0.3062250358439348,0.004422448768104183,0.9914532832092984,0.020673595105255724,,,
5,1,0,tabnet,0.16166666666666665,0.8871158741300387,0.8750259239288233,0.9252783771048781,0.8796623756306879,0.975884076166562,0.5787988651464868,0.1622197691797271,0.1622197691797271,0.7487437185929648,0.12448754414195874,0.4056548809958169,0.16221975975775882,1.1400810710877336,1.3088982322842995,,,
5,1,0,tabnet_isotonic,0.4591666666666666,0.8866372903232134,0.8767265336596292,0.9260622947556971,0.8829222011385199,0.9736346516007532,0.5860577588761927,0.1622197691797271,0.004023911008900499,0.7487437185929648,0.09148539807588824,0.308568533764845,0.0047792987331874495,0.9871969867660387,0.02932897076479259,,,
5,1,0,lstm,0.185,0.8864863047228244,0.8795885354017172,0.927018126052744,0.8923575819176226,0.9644800167399038,0.6008064226533216,0.16712038967432533,0.16712038967432533,0.8195979899497488,0.1282782016153161,0.41463599841065624,0.16712039684310256,1.0613214445780854,1.387890994087526,,,
5,1,0,lstm_isotonic,0.38916666666666666,0.8862304799433164,0.8796300136878344,0.9270451003067022,0.8923627915981028,0.9645323289391086,0.6009395828508542,0.16712038967432533,0.004060591331876773,0.8195979899497488,0.09139711651818526,0.3082342007457844,0.006122425527385184,0.9960550672596814,0.016680835627324656,,,
5,1,0,hard_moe,0.20833333333333331,0.7730841592123093,0.8578539134762951,0.9157964569154033,0.8634573506926748,0.9748901443816698,0.5089651710019927,0.25338836640133156,0.25206139104029507,0.9613065326633166,,,,,,,,
5,1,0,hard_moe_isotonic,0.4475,0.7754720125648183,0.8578953917624124,0.9156656163844034,0.8647480007439092,0.9729545930110902,0.5098600361785867,0.25338836640133156,0.011546806527760708,,,,,,,,,
6,1,1,global,0.2608333333333333,0.8678949509045513,0.8772242730930357,0.9253731343283582,0.8931717525672848,0.9599832609719098,0.5941045808612936,0.06588331372247216,0.07180073377185191,1.0557788944723618,0.10475695643435072,0.36014354778581464,0.06769590864216035,0.712114457665211,0.9109505353950041,,,
6,1,1,soft_moe,0.2375,0.88107851256366,0.8767265336596292,0.9242648183069161,0.9011180124223602,0.9486321075482554,0.6000365804400442,0.14873430889002953,0.14126790362147967,0.914070351758794,0.12674098635038344,0.4077307922739291,0.14873432495321115,0.927161834694668,1.3177690521660586,0.1703774333000183,0.527293860912323,0.30232423543930054
6,1,1,soft_moe_calibrated,0.21999999999999997,0.88107851256366,0.8767265336596292,0.9242532368233255,0.9012376360654109,0.94847517915991,0.6001587967072572,0.14873430889002953,0.14126790362147967,0.914070351758794,,,,,,,,
6,1,1,soft_moe_isotonic,0.45333333333333325,0.8808419358927416,0.8766850553735119,0.9242605660713831,0.9008740564163686,0.9488936548621646,0.59967544250425,0.14873430889002953,0.0069089370931778174,0.914070351758794,0.09332844866388001,0.31649840099666215,0.009477970485554158,0.9321903165078324,0.11446631655254073,,,
6,1,1,soft_moe_no_kl,0.20833333333333331,0.8808502664261773,0.8770998382346842,0.9245460796047773,0.9008038904327114,0.9495736778783281,0.6007345051523448,0.15836172928992917,0.15836172928992917,,0.12887349013786262,0.4191007324561093,0.15836170077348394,0.9143797393359728,1.3924833205804277,0.3857728838920593,0.43724319338798523,0.1769820600748062
6,1,1,soft_moe_no_kl_isotonic,0.45333333333333325,0.8806457649286512,0.8770168816624497,0.9245643047958275,0.900039627501486,0.950462938745619,0.5997449795160136,0.15836172928992917,0.0076240744847977425,,0.09345423487252287,0.31824475744081165,0.010844945001863547,0.9214135908690344,0.12796296682856714,,,
6,1,1,tabnet,0.15583333333333332,0.8784961572244733,0.8763947073706915,0.9250955157852403,0.8904049934678473,0.9625987341110007,0.5894028345035516,0.16890370526342804,0.16890370526342804,0.8668341708542713,0.1312791833488862,0.4290086709388049,0.16890369933098845,0.9642913355472098,1.4161467807478565,,,
6,1,1,tabnet_isotonic,0.44166666666666665,0.8775808411730464,0.8764361856568087,0.9251187693235804,0.8904480789702893,0.9625987341110007,0.5895634854014675,0.16890370526342804,0.011522354678248503,0.8668341708542713,0.0948701519832059,0.3203658708086087,0.011086350720939914,0.9386714164257154,0.10034773049114863,,,
6,1,1,lstm,0.20249999999999999,0.880189581774109,0.8761043593678709,0.9248912469511429,0.8905190780553941,0.9620233300204006,0.5885974229635607,0.16270199155324405,0.16270199155324405,0.7959798994974874,0.12858970678530113,0.41522223062980157,0.16270199939748026,1.0546627267071402,1.331552273864816,,,
6,1,1,lstm_isotonic,0.4475,0.8793577963481959,0.8761043593678709,0.9249063529175151,0.8903678606001936,0.962232567871528,0.5884803991529444,0.16270199155324405,0.009379417035620364,0.7959798994974874,0.09391271722400837,0.31736772010055386,0.009504894415666269,0.9315359702124867,0.11115494489838793,,,
6,1,1,hard_moe,0.255,0.7557157099735367,0.8623750466630719,0.9177124150587769,0.8725300636642301,0.9678296803891824,0.5307739059452539,0.27352574453072437,0.2737020477398921,1.0321608040201005,,,,,,,,
6,1,1,hard_moe_isotonic,0.4475,0.7677414270323233,0.8622506118047202,0.9175991861648016,0.8727933541017653,0.9672542762985824,0.5305583151588658,0.27352574453072437,0.0058862378393455764,,,,,,,,,
7,1,2,global,0.30166666666666664,0.871194345143483,0.8776339804214369,0.9253844597329016,0.8958374142997062,0.9569470600544047,0.5975810771568056,0.06679186571584576,0.07514965409456414,1.079396984924623,0.10375232280430191,0.3560834073928679,0.06830536532400305,0.7383693669714564,0.8850059453968494,,,
7,1,2,soft_moe,0.19666666666666666,0.8849976189146829,0.8758088601294176,0.9246678743961353,0.8907795229784758,0.9612366603892027,0.5879156432629948,0.16595900116724144,0.15295180981086676,0.8668341708542713,0.12822955893597146,0.4183070688706269,0.16595901686062456,1.0022661216757793,1.3828438559502712,0.18125084042549133,0.527814507484436,0.2909298837184906
7,1,2,soft_moe_calibrated,0.17916666666666667,0.8849976189146829,0.876348100215696,0.924731725792198,0.893747864707892,0.9579409918392969,0.5919992883235548,0.16595900116724144,0.15295180981086676,0.8668341708542713,,,,,,,,
7,1,2,soft_moe_isotonic,0.4591666666666666,0.8848398754181623,0.8762651402024224,0.9246507868347268,0.8940067405851609,0.9574701820464532,0.5919804770646182,0.16595900116724144,0.007054371660399427,0.8668341708542713,0.09292177079991965,0.31648858626822896,0.008677951863534069,0.9780959088051228,0.02561046024569306,,,
7,1,2,soft_moe_no_kl,0.19083333333333333,0.8850023293180367,0.8768043802887009,0.9253731343283582,0.8903394255874674,0.963276836158192,0.5906373373572313,0.16437297437778253,0.16437297437778253,,0.12744565295790922,0.41485248180950574,0.16437297489892616,1.0425554655797937,1.360475993082079,0.3910459876060486,0.4587358236312866,0.15021799504756927
7,1,2,soft_moe_no_kl_isotonic,0.45333333333333325,0.8845441836463346,0.8770532603285216,0.925448966245787,0.8912411588024416,0.9623875287717095,0.592081953896731,0.16437297437778253,0.005259283484530417,,0.09314957236216442,0.31836032791181795,0.008703948115249754,0.9692536373861804,0.030060229936849536,,,
7,1,2,tabnet,0.17333333333333334,0.8844707191686653,0.8759747801559649,0.9245406824146981,0.8931636434562122,0.9582025528353212,0.5903933753171524,0.1654590696358495,0.1654590696358495,0.9376884422110552,0.12905371573510907,0.4232236057810686,0.1654590777415101,0.9666035218193877,1.4073065715312694,,,
7,1,2,tabnet_isotonic,0.45333333333333325,0.883944118080035,0.875933300149328,0.9244906717830905,0.8933886313735058,0.9578363674408872,0.5904658838192256,0.1654590696358495,0.004296608842502629,0.9376884422110552,0.09405803846741612,0.31824500434633896,0.00861190895543618,0.9940811470302373,0.0027602441794310805,,,
7,1,2,lstm,0.185,0.8852738560395105,0.8756014600962336,0.9246501344187332,0.8895818225767465,0.962596777568529,0.5863428390568514,0.1741985649177046,0.1741985649177046,0.8195979899497488,0.12884560587102706,0.42469050935509606,0.17419856915109264,1.0381666386231105,1.4056859401038275,,,
7,1,2,lstm_isotonic,0.4475,0.8844215088146055,0.8757673801227808,0.9247884282162678,0.8893021009418015,0.9632245239589873,0.586644779984545,0.1741985649177046,0.007646167382872352,0.8195979899497488,0.09332539496828177,0.3142470181379503,0.007667432314157203,0.9982060273292238,-0.005644453463887794,,,
7,1,2,hard_moe,0.26666666666666666,0.7635318623209986,0.8545710967313754,0.9136708362060475,0.8630908075921102,0.9705482318476669,0.4967078442948397,0.249096862314124,0.24003470475163896,0.7723618090452261,,,,,,,,
7,1,2,hard_moe_isotonic,0.40083333333333326,0.7695120468539577,0.8547370167579227,0.9137523396709684,0.863319061801936,0.9704436074492572,0.49746984894289853,0.249096862314124,0.004900668069512606,,,,,,,,,
8,1,3,global,0.2375,0.8739748558983347,0.8780902604944417,0.926298367480001,0.8896006936082077,0.9661540071144591,0.594166796585371,0.06369392201180339,0.07223569180627944,1.079396984924623,0.10158052654690773,0.3505153600059244,0.06450505559458153,0.7442933929014022,0.867653136265493,,,
8,1,3,soft_moe,0.20249999999999999,0.886680479937601,0.8801227808196449,0.9274088214608661,0.89200811751063,0.9657355095208202,0.6021905088484287,0.1373558045546174,0.12725628066176461,0.8904522613065327,0.11870979492901615,0.3861807825366229,0.13735580232087913,1.019855054450065,1.2053340199670501,0.1748548001050949,0.5209540724754333,0.3041863739490509
8,1,3,soft_moe_calibrated,0.185,0.8866804851772042,0.8803716608594657,0.9274100176189277,0.8937130105753371,0.9637476459510358,0.6041219425894597,0.1373558045546174,0.12725628066176461,0.8904522613065327,,,,,,,,
8,1,3,soft_moe_isotonic,0.4591666666666666,0.8861500277405556,0.880330180852829,0.9273574216291074,0.8939754357007622,0.9633291483573969,0.6041791072099642,0.1373558045546174,0.006242461295179405,0.8904522613065327,0.09142154738659405,0.31107269254023623,0.004599506843381424,0.9992115374747473,-0.003311934712163054,,,
8,1,3,soft_moe_no_kl,0.21999999999999997,0.8858931352310591,0.8800398208063713,0.9268625765009357,0.8971408988544013,0.9586210504289601,0.6057323480087777,0.1627848019175354,0.1627848019175354,,0.12683246575740975,0.41276310408755384,0.16278481190493377,0.997233634294684,1.3749186611408948,0.4652222692966461,0.419268399477005,0.11550966650247574
8,1,3,soft_moe_no_kl_isotonic,0.44166666666666665,0.8851447155373268,0.8798324207731874,0.9267972204674668,0.8963781220978543,0.959353421217828,0.6044991279366476,0.1627848019175354,0.004313574171474715,,0.09167361131205706,0.31011350818092737,0.004367151459377997,1.0037763477412747,-0.007903274399010032,,,
8,1,3,tabnet,0.19083333333333333,0.8843018310359559,0.8773021403683424,0.9255061952251435,0.8923368298368298,0.9612366603892027,0.5936883750097798,0.15847703750981276,0.15847703750981276,0.9376884422110552,0.12784542348938113,0.4127178929618868,0.15847703021799703,0.9888791394565558,1.3588997141303936,,,
8,1,3,tabnet_isotonic,0.4475,0.8837479840102398,0.876970300315248,0.9252783796039704,0.8924093692292739,0.9606612261979494,0.592740697516703,0.15847703750981276,0.005454366560020982,0.9376884422110552,0.0931232231583178,0.31315408571175857,0.005478675156567202,1.003952872239032,-0.01714557380744328,,,
8,1,3,lstm,0.20249999999999999,0.8859928082043638,0.8786709805873569,0.9261195726301432,0.8953846153846153,0.9590395480225988,0.6002449403406275,0.15084125958732308,0.15084125958732308,0.8904522613065327,0.1229290974708211,0.40143692412584014,0.15084123065256239,1.0015868318128025,1.3068201463380658,,,
8,1,3,lstm_isotonic,0.45333333333333325,0.8857419779158686,0.8787954206072673,0.9262158476844604,0.8952455335350972,0.9594057334170328,0.6005008803038424,0.15084125958732308,0.005263543938709561,0.8904522613065327,0.09200224424549479,0.3120726851670133,0.006565687043729237,1.0024322774083203,-0.018276689888682168,,,
8,1,3,hard_moe,0.21416666666666667,0.7819398461686009,0.8585531773685083,0.9166462967489611,0.8603285307882903,0.9808537350910232,0.5104473646569433,0.23218208367614745,0.22363940050754053,0.8195979899497488,,,,,,,,
8,1,3,hard_moe_isotonic,0.45333333333333325,0.7838325166258899,0.8587190973950556,0.9167155712050078,0.860651974288338,0.980592174094999,0.5111882425215017,0.23218208367614745,0.006028560813304974,,,,,,,,,
9,1,4,global,0.255,0.8676514301937295,0.8739422598307616,0.9237830110601158,0.8872669460904755,0.9634337727558067,0.5794206340125464,0.06311309866630213,0.06661290167124104,1.0321608040201005,0.1041627778631935,0.35657041854377175,0.06402016222046941,0.7522523901345483,0.8342203741200988,,,
9,1,4,soft_moe,0.19666666666666666,0.8806901305742671,0.8739007798241247,0.9237521946325558,0.8872988339597186,0.9633291483573969,0.5793153472270319,0.12497833809179168,0.12375562244700769,0.9849246231155779,0.12082157500833948,0.3903877818641139,0.12497833841823613,0.8725675816269305,1.1692172578260482,0.18008404970169067,0.5210185050964355,0.2988947331905365
9,1,4,soft_moe_calibrated,0.19083333333333333,0.8806901305742671,0.874274099883856,0.9240065187413815,0.8872357841013049,0.9639568947478552,0.5804368499218971,0.12497833809179168,0.12375562244700769,0.9849246231155779,,,,,,,,
9,1,4,soft_moe_isotonic,0.4066666666666666,0.8804171629618898,0.8739007798241247,0.9237521946325558,0.8872988339597186,0.9633291483573969,0.5793153472270319,0.12497833809179168,0.0070028038828655464,0.9849246231155779,0.09491077140309065,0.3198254654732565,0.007423875104783976,0.9621640233722736,0.012352713574901794,,,
9,1,4,soft_moe_no_kl,0.22583333333333333,0.8797214955940384,0.874896299983408,0.9239842726081258,0.8915369649805448,0.9588826114249843,0.5857937947409574,0.15062657237221042,0.15062657237221042,,0.12375971057890382,0.4051540079620623,0.15062655700686317,1.0101652437803104,1.2539764761277263,0.41146615147590637,0.41952040791511536,0.16901549696922302
9,1,4,soft_moe_no_kl_isotonic,0.44166666666666665,0.8790970187160306,0.8752281400365024,0.9242508184336439,0.8910847819753326,0.9599811676082862,0.5864058945142478,0.15062657237221042,0.006613718986113157,,0.09460431503025897,0.32143532589593155,0.007600092940695066,0.9501627661993091,0.02783884685953928,,,
9,1,4,tabnet,0.16166666666666665,0.8794684856305766,0.8723660195785631,0.9227912578726821,0.8867242127598013,0.9619167189788659,0.5740988108500343,0.15840109049552575,0.15840109049552575,0.8668341708542713,0.12787743674960295,0.41965277405047047,0.1584010973783474,0.9731804806938353,1.328284649201419,,,
9,1,4,tabnet_isotonic,0.45333333333333325,0.8791862229619704,0.8723660195785631,0.9227912578726821,0.8867242127598013,0.9619167189788659,0.5740988108500343,0.15840109049552575,0.007148344552455609,0.8668341708542713,0.0961687756408441,0.3251200743542421,0.006902059236356279,0.9575301099674411,0.022031275025902592,,,
9,1,4,lstm,0.16166666666666665,0.8790666552149897,0.873237099717936,0.9232353679979904,0.8880351792790181,0.9613412847876125,0.577845539222914,0.15866120620666999,0.15866120620666999,0.914070351758794,0.12901149069667425,0.4233706670532615,0.15866118902547208,0.911192478950579,1.3694376126451338,,,
9,1,4,lstm_isotonic,0.4475,0.8781525121089327,0.8744400199104032,0.9237781079243572,0.8905665873670923,0.9595626700146475,0.5836016451992864,0.15866120620666999,0.008929640744657179,0.914070351758794,0.0961014140096155,0.3225100268430066,0.006767205927110005,0.9548872648535085,0.022432415293687367,,,
9,1,4,hard_moe,0.20833333333333331,0.7447413559959168,0.8464824954371992,0.9097559191436444,0.8520210093628683,0.975884076166562,0.4586857835101728,0.26228199603559266,0.26188187831550563,0.9849246231155779,,,,,,,,
9,1,4,hard_moe_isotonic,0.40083333333333326,0.7472371362290148,0.8465239754438361,0.9097737026921576,0.8520920884341312,0.9758317639673572,0.45889513923768954,0.26228199603559266,0.011956733996822733,,,,,,,,,
10,2,0,global,0.20249999999999999,0.8677723986210953,0.8780123605292629,0.9266272484594467,0.8857251871989317,0.9714898514333543,0.5917467194672034,0.04967052208284034,0.0625994187737729,1.1266331658291457,0.1018077314720943,0.35220817416437333,0.05397080892650183,0.6941578810615069,0.8098592735933415,,,
10,2,0,soft_moe,0.17916666666666667,0.8809027920528372,0.8775560993819735,0.9257694628847315,0.8913422428820453,0.9629629629629629,0.59376903767533,0.14764122691768325,0.1415671990249296,0.9376884422110552,0.12451772289746442,0.40794243038880246,0.14764123748830446,0.894685077885447,1.323640603287421,0.1698734164237976,0.5326006412506104,0.29752835631370544
10,2,0,soft_moe_calibrated,0.16749999999999998,0.880902802529945,0.8776805342403252,0.925809454325895,0.8917753113943683,0.9625444653693241,0.5944753175208279,0.14764122691768325,0.1415671990249296,0.9376884422110552,,,,,,,,
10,2,0,soft_moe_isotonic,0.39499999999999996,0.8798757106988914,0.8777220125264424,0.9258588602182989,0.8915528431657463,0.9629106507637581,0.5944372147381931,0.14764122691768325,0.007540401181945386,0.9376884422110552,0.09359725450029054,0.3198876294803405,0.005716486084921814,0.9385595686684232,0.03317263987375371,,,
10,2,0,soft_moe_no_kl,0.16749999999999998,0.8811402242696167,0.8780123605292629,0.9262814889083845,0.8892150729101497,0.966572504708098,0.593730346505888,0.157548146903437,0.157548146903437,,0.1268175337202637,0.41418104514691906,0.15754814650829596,0.9425238755487925,1.3564476129509944,0.4186411201953888,0.41399404406547546,0.16736312210559845
10,2,0,soft_moe_no_kl_isotonic,0.41833333333333333,0.8808741476401342,0.8777220125264424,0.9261818910256411,0.8882804995196926,0.9674618120945805,0.5922060647932114,0.157548146903437,0.006918778632273026,,0.09325743401117759,0.3179318569674357,0.005403205073070089,0.942957897292341,0.026459373003643635,,,
10,2,0,tabnet,0.17916666666666667,0.8810563916916201,0.8768924468040981,0.9252995066948555,0.8916375630578192,0.9616028457836368,0.591956752338572,0.15319945049002065,0.15319945049002065,0.8904522613065327,0.1257129992632068,0.410629668760479,0.15319946297207643,0.9803409343150857,1.3117926208845312,,,
10,2,0,tabnet_isotonic,0.46499999999999997,0.8805982015751115,0.8766850553735119,0.9253483992467043,0.8897580761987541,0.9639045825486503,0.5899031312428149,0.15319945049002065,0.00812420202459722,0.8904522613065327,0.09423238813755588,0.32238383301967005,0.005872551272691425,0.9370638380035328,0.027496697331558857,,,
10,2,0,lstm,0.185,0.880343104954595,0.8768924468040981,0.9254833040421793,0.8897846866853336,0.9641661435446747,0.5905708292481346,0.12914034559209608,0.12914034559209608,0.914070351758794,0.12018608638640152,0.3893882066362891,0.12914033581724585,0.9303280046264896,1.1772687853968782,,,
10,2,0,lstm_isotonic,0.45333333333333325,0.8799994086720362,0.8765606205151603,0.9253049545705537,0.8893660137025958,0.9642707679430843,0.5892313660798377,0.12914034559209608,0.008359491292323433,0.914070351758794,0.0940304982018059,0.3184060112385311,0.00728670342017722,0.950195555588464,0.016886386737632948,,,
10,2,0,hard_moe,0.23166666666666666,0.7834629183933464,0.86374383010494,0.9193686949264869,0.8660346820809248,0.9797028667085165,0.5325151547612369,0.24011204761882804,0.2293562832068447,0.7723618090452261,,,,,,,,
10,2,0,hard_moe_isotonic,0.4475,0.7884262124748241,0.863909743249409,0.9193163654248125,0.8674184416910298,0.9778196275371417,0.533535786454112,0.24011204761882804,0.0062476769556345365,,,,,,,,,
11,2,1,global,0.31916666666666665,0.8735586552964001,0.8788419262516073,0.9260674782960845,0.8971165162808945,0.9569493121305644,0.6021904306550824,0.05871617526123576,0.06706221821611709,1.079396984924623,0.10169664630532169,0.3497633395577489,0.06013957951130187,0.7339400436373454,0.8366472115900074,,,
11,2,1,soft_moe,0.20249999999999999,0.8878060784685534,0.879173752540545,0.9268108841486394,0.89170373235351,0.964795731547837,0.5989833756487906,0.14270298202124637,0.12951880743058938,0.8668341708542713,0.11970913185448977,0.39054915984191874,0.14270292575525,1.0231452320471617,1.2374257152033195,0.17068137228488922,0.5338993668556213,0.29541581869125366
11,2,1,soft_moe_calibrated,0.17333333333333334,0.8878060837078826,0.8795055788294828,0.926971517634933,0.8923143935727422,0.9644295653083643,0.600440997157523,0.14270298202124637,0.12951880743058938,0.8668341708542713,,,,,,,,
11,2,1,soft_moe_isotonic,0.42999999999999994,0.8873292995109066,0.8791322742544279,0.926780240213076,0.8917363763841207,0.9646911126222734,0.5988756783083892,0.14270298202124637,0.004642676211158985,0.8668341708542713,0.091802976636987,0.30895429874124447,0.00689211789251431,0.9979211439274501,0.007049788537861025,,,
11,2,1,soft_moe_no_kl,0.20833333333333331,0.8881312888716312,0.8807499274129993,0.9276310821355753,0.8940320232896652,0.9638541612177642,0.6055001457050283,0.1609469475227318,0.1609469475227318,,0.1242370349627905,0.4065328137527036,0.16094693951954545,1.0682680219263978,1.3303354632330726,0.38444575667381287,0.427819162607193,0.1877335160970688
11,2,1,soft_moe_no_kl_isotonic,0.45333333333333325,0.8877790382905267,0.8805425359824132,0.9275325851743748,0.8936242424242424,0.9641157085316734,0.604574386464569,0.1609469475227318,0.0035257633154153335,,0.09173626015040963,0.30829281996261104,0.00509001835568792,1.0021778979668434,0.005899718716414958,,,
11,2,1,tabnet,0.17333333333333334,0.8879361133800899,0.8784271433904352,0.9263030851625557,0.8918369323133534,0.9635403044410734,0.5967482880259892,0.20542163982214193,0.20542163982214193,0.8195979899497488,0.1407139220528981,0.45704784435475,0.2054216345448083,1.0834256717640272,1.5910693794764497,,,
11,2,1,tabnet_isotonic,0.44166666666666665,0.8872332416492639,0.8785100999626695,0.9263792886766369,0.8916198954906135,0.9639587801433279,0.5968509205455113,0.20542163982214193,0.005272961063910416,0.8195979899497488,0.09245759111053749,0.31212386184280355,0.00603311421652732,0.9878599787855985,0.014863257144109422,,,
11,2,1,lstm,0.20249999999999999,0.8859111440783677,0.8775146210958563,0.9257349797550487,0.8914559721011334,0.9627556624993461,0.5936475187612824,0.15226395362834755,0.15226395362834755,0.8432160804020101,0.12316663947523679,0.4021225798054285,0.152263943842681,1.04329866424559,1.2793361461342974,,,
11,2,1,lstm_isotonic,0.42999999999999994,0.8852734443635213,0.8777220125264424,0.9258961339299181,0.8912170336317445,0.963383376052728,0.5941121891307894,0.15226395362834755,0.005750696633450394,0.8432160804020101,0.0931916962690861,0.31368772455368854,0.004129851975471006,0.9839229342903592,0.016897900107133535,,,
11,2,1,hard_moe,0.23166666666666666,0.7544488716077649,0.8559044340287859,0.9152765583845478,0.8573582491890163,0.9815870691008003,0.4989527027635248,0.24993515854750928,0.24614208226948275,0.8904522613065327,,,,,,,,
11,2,1,hard_moe_isotonic,0.45333333333333325,0.7627078043706568,0.8561533037454893,0.9153402987989454,0.8581498603927312,0.9806978082335095,0.5001407921764973,0.24993515854750928,0.007298837885031262,,,,,,,,,
12,2,2,global,0.26666666666666666,0.8724733061075165,0.8767214202754272,0.9251913008457511,0.8916165340578304,0.9613935969868174,0.5913569200805422,0.06526673513117386,0.06868490785988314,1.0321608040201005,0.1032766632109248,0.3544669924108,0.06593747500851159,0.7370275751423249,0.8781945427400303,,,
12,2,2,soft_moe,0.19083333333333333,0.8819980089088345,0.8770117803218849,0.9249765947217935,0.8957608429306543,0.9561623770663319,0.5957068468111519,0.16456340532039074,0.1555760062351231,0.914070351758794,0.12844541981880608,0.4270825897352489,0.16456340851846316,0.8690849001109464,1.4385348092973962,0.1752588450908661,0.5267032980918884,0.2980315387248993
12,2,2,soft_moe_calibrated,0.16749999999999998,0.8819980141484378,0.8768458602953376,0.9249475467023939,0.8949273589981901,0.9570516844528144,0.5944864244422899,0.16456340532039074,0.1555760062351231,0.914070351758794,,,,,,,,
12,2,2,soft_moe_isotonic,0.4475,0.8815967024535764,0.8774265803882528,0.9251121417167186,0.8972128004719068,0.9548022598870056,0.5982125960308121,0.16456340532039074,0.007309538146759964,0.914070351758794,0.09326813087394285,0.3145978151802843,0.0070468260542459514,0.9580988057972004,0.06000922094400959,,,
12,2,2,soft_moe_no_kl,0.19083333333333333,0.8816037968764252,0.8773436203749793,0.9251259716911858,0.8965009569612798,0.9556392550742834,0.5973285792359239,0.16086985676076376,0.16086985676076376,,0.1273583638424188,0.4246922627814218,0.16086985502498408,0.8565170446281987,1.4277317074234055,0.4121486246585846,0.43168291449546814,0.1561690866947174
12,2,2,soft_moe_no_kl_isotonic,0.41833333333333333,0.8811122015773468,0.8773436203749793,0.9251676578514488,0.8960733369282808,0.9562146892655368,0.5969459025475773,0.16086985676076376,0.008375308418750638,,0.09359102364433045,0.315279418026255,0.00947466602444884,0.9574618122227669,0.05811451574731364,,,
12,2,2,tabnet,0.19666666666666666,0.8814763382868961,0.8751451800232288,0.9244553759662685,0.8885082979544577,0.9634337727558067,0.584112924075871,0.15343166193154537,0.15343166193154537,0.7723618090452261,0.12325680633442421,0.4053773115523503,0.1534316781879107,1.065765929784631,1.247664404647623,,,
12,2,2,tabnet_isotonic,0.46499999999999997,0.881010506117174,0.8757673801227808,0.924610466433408,0.8910775799330455,0.9607658505963591,0.58802893821052,0.15343166193154537,0.009273448717933855,0.7723618090452261,0.09445994859216747,0.3182125758031623,0.010537796115287311,0.954513698044823,0.06273694561247035,,,
12,2,2,lstm,0.17916666666666667,0.8814282858851626,0.876140700182512,0.9244050632911393,0.8956534536891679,0.9550638208830299,0.5930990467776449,0.18010044849463955,0.18010044849463955,0.8668341708542713,0.13480964004497084,0.4403273304619648,0.18010046075915886,0.9570141269729052,1.497644032834243,,,
12,2,2,lstm_isotonic,0.46499999999999997,0.8812054717554365,0.8760992201758753,0.9243663434026284,0.8957648328998381,0.9548545720862105,0.593083029867497,0.18010044849463955,0.006650926460273524,0.8668341708542713,0.09376313397143743,0.315821893564638,0.007112438657531336,0.9547783029890139,0.06885915776708834,,,
12,2,2,hard_moe,0.2375,0.7637119736839457,0.858843537414966,0.916022999284357,0.8670061194936236,0.9709144172421008,0.51464602896964,0.2618440092911056,0.2598245034597616,0.9376884422110552,,,,,,,,
12,2,2,hard_moe_isotonic,0.45333333333333325,0.7679543285159163,0.859258337481334,0.9163193331195896,0.8668284261117073,0.9718037246285833,0.5159967735295546,0.2618440092911056,0.005267236014926712,,,,,,,,,
13,2,3,global,0.24916666666666665,0.8753342604916139,0.8802057408329186,0.9274481233984826,0.892170130497825,0.9656308851224106,0.6025582250903695,0.05841192067388645,0.06904831782538101,1.1030150753768844,0.1002512118288515,0.3450256434426772,0.060856823132859096,0.7385140435337342,0.8383808687378124,,,
13,2,3,soft_moe,0.17333333333333334,0.8872504125454044,0.8792517006802721,0.9270115086628388,0.8901622766889777,0.9670433145009416,0.5982413274063288,0.1683469495138205,0.16039163369380832,0.914070351758794,0.1286431928999183,0.4174469881284589,0.1683469585327374,1.0071435512263882,1.4197269273636706,0.1701422780752182,0.5294975638389587,0.30035698413848877
13,2,3,soft_moe_calibrated,0.15583333333333332,0.8872504125454044,0.8792517006802721,0.926971225006899,0.8905760424198602,0.9664678803096882,0.5985015495704027,0.1683469495138205,0.16039163369380832,0.914070351758794,,,,,,,,
13,2,3,soft_moe_isotonic,0.42999999999999994,0.8869222352332051,0.8792517006802721,0.9270078483488378,0.8901998555261257,0.9669910023017367,0.5982646832367506,0.1683469495138205,0.009473455456053503,0.914070351758794,0.09117428180896958,0.31174448047432324,0.010346675451204587,1.0102303271052826,-0.030316017423524605,,,
13,2,3,soft_moe_no_kl,0.19083333333333333,0.8873567817317081,0.8792102206736353,0.9263902932254803,0.8963020935237722,0.9585687382297552,0.6025960877830175,0.16754772142487515,0.16754772142487515,,0.12943044608784318,0.42000683624669227,0.1675477018790511,0.9689811398166214,1.4419592788444793,0.49224963784217834,0.37179553508758545,0.1359521448612213
13,2,3,soft_moe_no_kl_isotonic,0.4591666666666666,0.887008636291387,0.8792102206736353,0.9263902932254803,0.8963020935237722,0.9585687382297552,0.6025960877830175,0.16754772142487515,0.008860054357131537,,0.09139072955467498,0.31275376160181684,0.00867449325792615,1.0015756954474493,-0.018877922233886013,,,
13,2,3,tabnet,0.15583333333333332,0.8862541334182401,0.8788369006139041,0.9265803694859872,0.8917702840001935,0.9642184557438794,0.5979915863517844,0.15759001477628143,0.15759001477628143,0.9613065326633166,0.12672270366055718,0.4122040036133134,0.15758999840295027,0.9556244688278157,1.3855118713424899,,,
13,2,3,tabnet_isotonic,0.4358333333333333,0.8855685365679038,0.8788783806205409,0.9265408805031446,0.8924590481729184,0.9633291483573969,0.5986102597216633,0.15759001477628143,0.0052334564571552104,0.9613065326633166,0.09194643268556403,0.31318695136226404,0.008310318105349254,1.0086150233579567,-0.01744041469196321,,,
13,2,3,lstm,0.20833333333333331,0.8868658990186767,0.8789198606271778,0.9260993949213904,0.897316391110239,0.9567901234567902,0.6026049059000863,0.15066714823321412,0.15066714823321412,0.8904522613065327,0.1214215374965018,0.39935524736435657,0.15066713247654415,0.9962101308852631,1.315462793373889,,,
13,2,3,lstm_isotonic,0.44166666666666665,0.8862215168877862,0.8789613406338145,0.9261303225153157,0.8972824487393309,0.9568947478551998,0.6026960343290069,0.15066714823321412,0.010088403088351086,0.8904522613065327,0.09120907494488732,0.3100859528830111,0.009032616702991497,1.0119698130863464,-0.025794324419430206,,,
13,2,3,hard_moe,0.20249999999999999,0.7409478517794196,0.8535340965654554,0.9139515048129645,0.855513481454446,0.9809583594894329,0.4887199312931922,0.29339556414674167,0.29720387177963087,1.3864321608040202,,,,,,,,
13,2,3,hard_moe_isotonic,0.37749999999999995,0.7516178794629682,0.8537829766052762,0.9140432587968494,0.8560727173069017,0.9804352374973844,0.4898938602322648,0.29339556414674167,0.0052192973296564926,,,,,,,,,
14,2,4,global,0.30166666666666664,0.8728158766099414,0.8768873403019745,0.9250277861978378,0.8943923407581086,0.9578363674408872,0.59414264592604,0.07518915426950976,0.0761223827134706,1.008542713567839,0.10514020088595867,0.35798492969530876,0.07518915426950978,0.7727977163209875,0.9069247159785774,,,
14,2,4,soft_moe,0.16166666666666665,0.8825633044677301,0.876762900282064,0.9255630997419387,0.888156945713324,0.9662586315128688,0.5889762107654702,0.13943816982586724,0.1420301740091856,1.0321608040201005,0.12516454848486663,0.4049822605787069,0.13943816286886374,0.8448906123611994,1.2989671637510527,0.17815358936786652,0.5258496403694153,0.2959974408149719
14,2,4,soft_moe_calibrated,0.16749999999999998,0.8825633044677301,0.8768458602953376,0.9256430163540283,0.8879065968385144,0.9667294413057125,0.5890787519017817,0.13943816982586724,0.1420301740091856,1.0321608040201005,,,,,,,,
14,2,4,soft_moe_isotonic,0.41833333333333333,0.8820272563743757,0.876762900282064,0.9255742879330645,0.8880449935105513,0.9664155681104833,0.5889024600744561,0.13943816982586724,0.007305859225725343,1.0321608040201005,0.09367727215414429,0.31542527225244815,0.006384152619816242,0.9794527965204056,0.029119044469173298,,,
14,2,4,soft_moe_no_kl,0.21416666666666667,0.8824320943222486,0.8775095404015265,0.925181788238871,0.8970667714833194,0.9551161330822348,0.5983168075569325,0.14321575274139953,0.14321575274139953,,0.12382437063886499,0.4054442946307374,0.1432157636962087,0.867437747390272,1.3110472280534313,0.41378894448280334,0.40876495838165283,0.1774459034204483
14,2,4,soft_moe_no_kl_isotonic,0.4475,0.8817878065042172,0.8784635805541728,0.9260698425514735,0.8944726067459544,0.9599811676082862,0.5988859780863777,0.14321575274139953,0.006722506927797629,,0.09368501886708129,0.3159019815126027,0.006281948961615475,0.9730242662514176,0.036522631967069084,,,
14,2,4,tabnet,0.20249999999999999,0.8810258371963879,0.8761821801891488,0.9248243382778855,0.891700257394007,0.9605042896003348,0.5897883086594131,0.1526841546373446,0.1526841546373446,0.8432160804020101,0.12331371670659233,0.40960891500477653,0.1526841579266231,0.9732191469377712,1.2880498942532195,,,
14,2,4,tabnet_isotonic,0.4066666666666666,0.8806471763065307,0.8765140202422432,0.925052239369603,0.8916282455714633,0.9610797237915882,0.5907355490704427,0.1526841546373446,0.007563877003046426,0.8432160804020101,0.09507181316838158,0.31938182672388044,0.008842150154253898,0.9714405685110522,0.025424100518765792,,,
14,2,4,lstm,0.255,0.8811597300187519,0.875103700016592,0.9234523960849117,0.8982640091003512,0.9500941619585688,0.5927170392388164,0.15147416245656484,0.15147416245656484,0.8432160804020101,0.12465839635370814,0.4063247260481306,0.1514741305629388,1.0028031986238546,1.2732538685457613,,,
14,2,4,lstm_isotonic,0.4475,0.8804528184622493,0.8749377799900449,0.9233662913351803,0.8980076135858012,0.9501987863569784,0.5920004439003725,0.15147416245656484,0.008075700237449603,0.8432160804020101,0.09479687581687747,0.3183857972706337,0.007161915592629211,0.9685049841906842,0.04202928468156601,,,
14,2,4,hard_moe,0.2608333333333333,0.7736787418144824,0.8527874564459931,0.9123898392949715,0.8638339643808722,0.9667294413057125,0.49117444474951105,0.2444495923053186,0.23217627736219673,0.7487437185929648,,,,,,,,
14,2,4,hard_moe_isotonic,0.45333333333333325,0.7751783372332748,0.8530778164924506,0.9123180512922071,0.8659304511278195,0.9639568947478552,0.4941812768819842,0.2444495923053186,0.007752747817781826,,,,,,,,,
15,3,0,global,0.23166666666666666,0.873053442427685,0.8765606205151603,0.9252561784207354,0.8898550724637682,0.9635907093534212,0.5895857246740835,0.061747564284261494,0.07256463419825902,1.1030150753768844,0.10317553183452742,0.356559061353416,0.06360722471682072,0.7070254793211682,0.8895149003786139,,,
15,3,0,soft_moe,0.19083333333333333,0.8845456929091815,0.8761043593678709,0.9250984227287545,0.8884072629196166,0.9649508265327474,0.5871151789004385,0.17185565622268395,0.15392820594327597,0.8195979899497488,0.12984222846525198,0.4220214870691818,0.17185566585963355,1.0453898315622356,1.394283878479415,0.17433495819568634,0.5239997506141663,0.3016609847545624
15,3,0,soft_moe_calibrated,0.15,0.8845456929091815,0.8761458376539881,0.9250652479421803,0.889012155122516,0.9641661435446747,0.5876763045681549,0.17185565622268395,0.15392820594327597,0.8195979899497488,,,,,,,,
15,3,0,soft_moe_isotonic,0.44166666666666665,0.8841046485795745,0.8759799245095192,0.9250100321027287,0.8884659857390634,0.9646892655367232,0.5867636761438983,0.17185565622268395,0.005351979984675493,0.8195979899497488,0.09320491288715799,0.31529266056663585,0.0041434821198403984,0.9740002111916457,0.019433695061396,,,
15,3,0,soft_moe_no_kl,0.19083333333333333,0.8843119224415752,0.8773901862375046,0.9254965218267971,0.8929961089494164,0.96045197740113,0.5945390036251893,0.181504555921443,0.181504555921443,,0.131577886501009,0.4312821218067864,0.1815045463723542,1.0626798467441103,1.4513829778795675,0.37739455699920654,0.4492555558681488,0.17334839701652527
15,3,0,soft_moe_no_kl_isotonic,0.4358333333333333,0.8841108038804023,0.8771413165208014,0.9254317506671366,0.8919732116859167,0.961498221385227,0.5929767555431061,0.181504555921443,0.009722301486694635,,0.09297469904182122,0.3144414842542715,0.007950560011604242,0.9752046703432474,0.01687234500099466,,,
15,3,0,tabnet,0.185,0.8839233527063437,0.8756480982205815,0.9247527734551478,0.8888352793592589,0.9636953337518309,0.5859895838122016,0.16585109717292545,0.16585109717292545,0.7959798994974874,0.12642107137811814,0.41706639850711097,0.16585109508781687,1.0427043525861912,1.34783967801229,,,
15,3,0,tabnet_isotonic,0.44166666666666665,0.8837086034279338,0.875731054792816,0.9247991967871486,0.8889210577108666,0.9636953337518309,0.5863119424165641,0.16585109717292545,0.003975774346978635,0.7959798994974874,0.09364523190664939,0.31721634007511434,0.004836014064675597,0.9729793011389068,0.02300129628480204,,,
15,3,0,lstm,0.16166666666666665,0.8843182872845587,0.8762287942262226,0.9249459228331405,0.8907567096211607,0.961864406779661,0.5892427969958965,0.13258507927486674,0.13258507927486674,0.9849246231155779,0.12046961654021197,0.3945821757051945,0.13258507375576933,0.8894898408580248,1.2454264285246985,,,
15,3,0,lstm_isotonic,0.4358333333333333,0.8840975346233837,0.8762702725123398,0.9250182238644648,0.8903082208351478,0.9625444653693241,0.5890248636714506,0.13258507927486674,0.005734078209694107,0.9849246231155779,0.0936284751275573,0.31490463351229214,0.006408645863112044,0.9808740857409097,0.014189666739817738,,,
15,3,0,hard_moe,0.2375,0.7613158683718203,0.8513833008420092,0.9122781246174563,0.857425560311105,0.9746285833856455,0.4811387828830043,0.2665369685018758,0.26637050469387263,0.9849246231155779,,,,,,,,
15,3,0,hard_moe_isotonic,0.4475,0.7709805026472091,0.8512173876975403,0.9122704037958276,0.8566441596619356,0.9756225151705378,0.4800258379005867,0.2665369685018758,0.007622673320433558,,,,,,,,,
16,3,1,global,0.3075,0.8723452423705307,0.8766850553735119,0.9248730194829808,0.8946030504497458,0.9572631689072553,0.5937163465232802,0.06314385294346198,0.06908011522588926,1.0557788944723618,0.10316138590575766,0.3532875789157044,0.06408931035406966,0.7441553700174152,0.8517974386323705,,,
16,3,1,soft_moe,0.15,0.8815510476646506,0.875731054792816,0.9253500772412419,0.8835228624446876,0.9713344143955641,0.5828298700225885,0.1757506326392891,0.15944319341405683,0.8432160804020101,0.13132062497465097,0.4298046828361173,0.17575062760480628,0.988589400070086,1.431693772376795,0.1712137907743454,0.5367196798324585,0.2920703589916229
16,3,1,soft_moe_calibrated,0.15,0.8815510476646506,0.8784271433904352,0.926343829316714,0.8914200038692204,0.9641157085316734,0.5964509168727923,0.1757506326392891,0.15944319341405683,0.8432160804020101,,,,,,,,
16,3,1,soft_moe_isotonic,0.3833333333333333,0.881022624639031,0.8746526193537683,0.9248819289087745,0.8811632643395064,0.9731652455929277,0.5779859520038889,0.1757506326392891,0.005621571511461643,0.8432160804020101,0.09332927619624704,0.3171855328097597,0.006929219460274088,0.9595539905688517,0.022355984340347333,,,
16,3,1,soft_moe_no_kl,0.16749999999999998,0.8827122035210304,0.8766020988012775,0.9254442021903115,0.8882901953237756,0.9658419208034733,0.5885347544169623,0.13643127221228907,0.13643127221228907,,0.11921154617066813,0.39397110809953884,0.1364312631701138,0.9136830642361258,1.2439661989057713,0.4397743344306946,0.38065990805625916,0.1795646697282791
16,3,1,soft_moe_no_kl_isotonic,0.45333333333333325,0.8824683232252001,0.8766020988012775,0.9254442021903115,0.8882901953237756,0.9658419208034733,0.5885347544169623,0.13643127221228907,0.007398812565160662,,0.09328589337872689,0.31711153290720245,0.00562396786606042,0.9552128409687476,0.034099840813596405,,,
16,3,1,tabnet,0.17916666666666667,0.8811234398115919,0.8754407067899954,0.9244775293614667,0.8902450837934709,0.9614479259298007,0.5863507960944553,0.18941112167864704,0.18941112167864704,0.7959798994974874,0.1356113448632259,0.44434630885874943,0.18941110284402543,1.0482843621596039,1.4821112080901175,,,
16,3,1,tabnet_isotonic,0.4475,0.880574064708482,0.8754821850761126,0.9245197626470884,0.8900992495763738,0.9617094732437098,0.5863620501443383,0.18941112167864704,0.006118196288997609,0.7959798994974874,0.09439233936350558,0.31984433732174183,0.006481526268903308,0.9563847710665205,0.023612617787436695,,,
16,3,1,lstm,0.15,0.8812901552668923,0.8747770542121199,0.9244740199634753,0.8859321058688148,0.966521943819637,0.5810984950278792,0.16561454864829725,0.16561454864829725,0.8432160804020101,0.12800053031760583,0.4205212122902591,0.16561456188156468,0.9965774738822794,1.3822941050173574,,,
16,3,1,lstm_isotonic,0.4475,0.8809772206121413,0.8748185324982372,0.9244328709499725,0.8866048700830892,0.965632682952346,0.5816903063594807,0.16561454864829725,0.007506001367531475,0.8432160804020101,0.0939026524478746,0.3209559756924283,0.008538054509621586,0.9414387961894385,0.04492554352281867,,,
16,3,1,hard_moe,0.24333333333333332,0.7733226329465116,0.855157824878676,0.9147044455300439,0.8579938596893186,0.9794423811267459,0.49604557381728703,0.2406990726338674,0.23055021513337454,0.7487437185929648,,,,,,,,
16,3,1,hard_moe_isotonic,0.40083333333333326,0.7765663645292216,0.8549089551619727,0.9145912686785819,0.8575942121892028,0.9797039284406549,0.49491389867841784,0.2406990726338674,0.006506965170036551,,,,,,,,,
17,3,2,global,0.22583333333333333,0.8719425657322905,0.8782561805209889,0.9263876000100324,0.8898096844133944,0.9661016949152542,0.5948323657741427,0.07341306010032728,0.07175126694171857,0.9849246231155779,0.10489860423144214,0.3574812082616692,0.07341306010032733,0.7641231379842396,0.9089248031600838,,,
17,3,2,soft_moe,0.17916666666666667,0.8854791227378327,0.8782976605276257,0.9263443289652056,0.8905299739357081,0.9651600753295668,0.5954442562125701,0.14473247507246195,0.13935650967951804,0.9376884422110552,0.12469278851162735,0.40195587476637107,0.14473248276787345,0.9139094821945186,1.3024001623145833,0.16932876408100128,0.5323870778083801,0.298286110162735
17,3,2,soft_moe_calibrated,0.16166666666666665,0.8854791227378327,0.8782147005143521,0.9263385016809674,0.8900298910423295,0.9657355095208202,0.5948456687095839,0.14473247507246195,0.13935650967951804,0.9376884422110552,,,,,,,,
17,3,2,soft_moe_isotonic,0.4066666666666666,0.8849459249886656,0.8782976605276257,0.9263443289652056,0.8905299739357081,0.9651600753295668,0.5954442562125701,0.14473247507246195,0.005868476437089818,0.9376884422110552,0.09292008663506333,0.31186756006975586,0.005795201328318052,0.9614262775741498,0.02463671567024745,,,
17,3,2,soft_moe_no_kl,0.19083333333333333,0.8849692936193201,0.8776754604280737,0.9257496789787748,0.8923838648609291,0.9617074701820465,0.5948609032250507,0.1488518171747632,0.1488518171747632,,0.1243486051745349,0.4038578194498124,0.14885182059673258,0.9487660541919188,1.3091392708029312,0.4104366898536682,0.44509562849998474,0.1444655954837799
17,3,2,soft_moe_no_kl_isotonic,0.44166666666666665,0.8846491433793545,0.8778828604612576,0.9257989716705313,0.8932879377431907,0.9607658505963591,0.5961959785492226,0.1488518171747632,0.005939572246633067,,0.09313070463508526,0.31248940575838074,0.007096368226330708,0.958384538845503,0.02863416698047669,,,
17,3,2,tabnet,0.21416666666666667,0.8815721549121827,0.8756844201095072,0.9240669892827282,0.8959858497518793,0.953965264699728,0.5921062745052339,0.1517496091349665,0.1517496091349665,0.8432160804020101,0.1248009681973032,0.4086903649067745,0.15174962095144034,0.9803948794081464,1.2916405496229875,,,
17,3,2,tabnet_isotonic,0.4358333333333333,0.8810763522116659,0.8758088601294176,0.9241256969082615,0.8962347620920174,0.9538083281021135,0.5926953165091606,0.1517496091349665,0.007685950765473094,0.8432160804020101,0.0951298349737731,0.31910107852701003,0.0075236132131403675,0.9509236861988464,0.03912398052075231,,,
17,3,2,lstm,0.15,0.8845426589217784,0.8765140202422432,0.9252592202053677,0.8895486362539223,0.9639568947478552,0.5891538281396239,0.15336467801346468,0.15336467801346468,0.914070351758794,0.12462650078094174,0.41161853312085833,0.15336468567421865,0.9234285420023408,1.35587224475352,,,
17,3,2,lstm_isotonic,0.4066666666666666,0.8838463942391526,0.8760577401692384,0.9252364509833358,0.8867625899280576,0.9672002510985562,0.5857984442008923,0.15336467801346468,0.008207946423931333,0.914070351758794,0.09362609680123574,0.31376857103122036,0.005782375662381752,0.963773563336623,0.01576857001530721,,,
17,3,2,hard_moe,0.22583333333333333,0.7443598500014756,0.8595486975277916,0.9166543592773101,0.8656438865643886,0.9740531491943921,0.5163362089837031,0.28980917194930816,0.2910569099869624,1.2683417085427136,,,,,,,,
17,3,2,hard_moe_isotonic,0.42999999999999994,0.7608635209932879,0.8593412974946076,0.916331515704804,0.867183486666978,0.9713852270349446,0.5165246361234817,0.28980917194930816,0.004712739090001105,,,,,,,,,
18,3,3,global,0.29,0.8774981066169567,0.8800398208063713,0.9270507516900414,0.8951675759937646,0.9612889725884076,0.6041712543457087,0.06137562275307289,0.06734245049194944,1.0557788944723618,0.10007020271527368,0.343687258942136,0.061939084709281146,0.7617804673771994,0.8370033082551454,,,
18,3,3,soft_moe,0.21416666666666667,0.8870141535936468,0.8814916210386594,0.9280877948098366,0.8943870373065541,0.9644277045406989,0.6080605622618143,0.13616329959036036,0.12909689668540394,0.914070351758794,0.12006621078875676,0.3864754031823648,0.13616329840668445,0.9945935191333974,1.2119222807236838,0.17353525757789612,0.5325525999069214,0.2939126193523407
18,3,3,soft_moe_calibrated,0.19666666666666666,0.8870141535936468,0.8809109009457442,0.9276917264828107,0.8945067754626257,0.9634337727558067,0.6063453811058322,0.13616329959036036,0.12909689668540394,0.914070351758794,,,,,,,,
18,3,3,soft_moe_isotonic,0.44166666666666665,0.8868704574735354,0.8814086610253857,0.9280265840948568,0.8944533410976853,0.9642184557438794,0.6078478515931668,0.13616329959036036,0.005125596775049512,0.914070351758794,0.09111664284977106,0.3079120778347169,0.003996719724973233,0.991501167290939,0.0098807867065193,,,
18,3,3,soft_moe_no_kl,0.185,0.8864206846878838,0.8792102206736353,0.9271161836111528,0.8888089068048757,0.9688742414731115,0.5973026110007792,0.14568727389126349,0.14568727389126349,,0.12183450568473728,0.3948784538099663,0.14568728083847204,1.0129088847412049,1.2684277866555222,0.43566298484802246,0.3973051905632019,0.16703201830387115
18,3,3,soft_moe_no_kl_isotonic,0.46499999999999997,0.886047221484486,0.8801227808196449,0.9272919392170675,0.8932241178751454,0.9640615191462649,0.6030090123002361,0.14568727389126349,0.0045452605536130675,,0.09143893805413046,0.3096328281250931,0.006243513765212851,0.9820825113843994,0.021590814723878894,,,
18,3,3,tabnet,0.15583333333333332,0.8859118668128054,0.8792931806869089,0.926943161277365,0.8911469395636223,0.9657355095208202,0.5990027561113249,0.14421421627173953,0.14421421627173953,0.9613065326633166,0.12263592580179539,0.40071413578700643,0.14421423415348647,0.923884115505319,1.3127080570845042,,,
18,3,3,tabnet_isotonic,0.3833333333333333,0.8851870986883051,0.8789198606271778,0.9269172028742395,0.8888835534213686,0.968351119481063,0.5963968370767078,0.14421421627173953,0.004184224332681379,0.9613065326633166,0.09198121459743257,0.31289524913230027,0.0071190950362927195,0.9829018061916592,0.015357319958323078,,,
18,3,3,lstm,0.17333333333333334,0.8862806720088823,0.8783806205408993,0.9265898848272408,0.8885900883595851,0.967984934086629,0.5944679721600309,0.17115102711708338,0.17115102711708338,0.8195979899497488,0.12767481832488833,0.4178056441085588,0.17115103192851105,1.0642351158756087,1.3943244957604861,,,
18,3,3,lstm_isotonic,0.45333333333333325,0.8859143503847628,0.8781732205077153,0.9264370695053225,0.888750060070162,0.9674618120945805,0.5938928272665198,0.17115102711708338,0.004920286837095594,0.8195979899497488,0.09170181273138227,0.31153766785286974,0.007232430996751883,0.9905580889136845,0.0028702588261320184,,,
18,3,3,hard_moe,0.16166666666666665,0.7763615549264679,0.8506304961008794,0.9118676423798918,0.8567814928942649,0.9745239589872359,0.4777803782447668,0.27915436950218175,0.28470715342983743,1.2447236180904522,,,,,,,,
18,3,3,hard_moe_isotonic,0.4591666666666666,0.7755865075688375,0.8512941762070682,0.9117972690367819,0.8606995215755493,0.9693450512659553,0.4832084071069922,0.27915436950218175,0.00807366599345041,,,,,,,,,
19,3,4,global,0.23166666666666666,0.8699066026043427,0.8780487804878049,0.9264705882352942,0.8875790684301322,0.9689265536723164,0.5927906506670854,0.06322621129811248,0.06910757800294709,1.0557788944723618,0.10256320919891695,0.35234405934366114,0.06560272682146741,0.7447721424823879,0.8518272129465235,,,
19,3,4,soft_moe,0.15,0.8829946757666418,0.8777584204413472,0.9257663921005567,0.8927755915075548,0.9612889725884076,0.5954169513641451,0.18562870166339107,0.18176437907973694,0.9613065326633166,0.13533184127969225,0.4490227212154116,0.1856286952327903,0.8804924037901893,1.5599923526899677,0.17874647676944733,0.5271539092063904,0.2940981388092041
19,3,4,soft_moe_calibrated,0.15,0.8829946757666418,0.8787124605939937,0.926213788230544,0.8946957878315133,0.9600334798074911,0.5998099060177726,0.18562870166339107,0.18176437907973694,0.9613065326633166,,,,,,,,
19,3,4,soft_moe_isotonic,0.4241666666666666,0.8826480707696867,0.8758918201426912,0.9253045735969643,0.8850047755491881,0.9694496756643649,0.5841888746182851,0.18562870166339107,0.006952583921635323,0.9613065326633166,0.09241792233657613,0.31736741714054106,0.006433146872970829,0.9593499806857517,0.028294229553320293,,,
19,3,4,soft_moe_no_kl,0.20249999999999999,0.8826273376594851,0.8766799402687905,0.9255055250695332,0.8881835233011109,0.9661016949152542,0.5887284241855308,0.13788738028352304,0.13788738028352304,,0.11975412763341912,0.38974239298343366,0.13788738192039326,0.9984039083780677,1.2023043411040768,0.46270063519477844,0.29919588565826416,0.23810037970542908
19,3,4,soft_moe_no_kl_isotonic,0.42999999999999994,0.8822228455254291,0.8767214202754272,0.9255473721128313,0.88803961157581,0.9663632559112785,0.5887659184069646,0.13788738028352304,0.006329204654900526,,0.09251598196532779,0.3145131751498107,0.009248633754450623,0.9700918231182502,0.022485173133335534,,,
19,3,4,tabnet,0.15,0.8819138713592721,0.8780902604944417,0.9258483663428788,0.8941956235684,0.9598242310106717,0.5975455855104427,0.1959894495812695,0.1959894495812695,0.9849246231155779,0.14130637366690554,0.4613291208063426,0.19598945050340824,0.9309747108848673,1.610806662913777,,,
19,3,4,tabnet_isotonic,0.45333333333333325,0.8813460660304027,0.8773021403683424,0.9255474452554745,0.8919181139031725,0.9618120945804561,0.5933626300940863,0.1959894495812695,0.0047276708366504275,0.9849246231155779,0.09320872799068734,0.3162063766769913,0.006770046073790388,0.9812306386157532,0.0018094395929880583,,,
19,3,4,lstm,0.19666666666666666,0.8818024931122271,0.8778828604612576,0.9259520096584335,0.8917256079837225,0.9629106507637581,0.5949996174981645,0.14798762323203468,0.14798762323203468,0.8904522613065327,0.12336361582252921,0.4014165829851835,0.1479876145300328,0.9964334840449289,1.2754029693175468,,,
19,3,4,lstm_isotonic,0.4475,0.8810479483222539,0.8775925004148001,0.9262010153299822,0.8872598342197308,0.968717304875497,0.5911074257158982,0.14798762323203468,0.007308411570020186,0.8904522613065327,0.0927884703521874,0.3168475181377999,0.008182102830310118,0.9655343628819705,0.029681032443247157,,,
19,3,4,hard_moe,0.255,0.7845833779747533,0.8455284552845529,0.9083841763432395,0.857421512167936,0.9657878217200251,0.46013474902547347,0.225064383987359,0.20959410980789991,0.7251256281407035,,,,,,,,
19,3,4,hard_moe_isotonic,0.41833333333333333,0.7867864530098965,0.8453625352580056,0.9083939453508945,0.856533827618165,0.9669386901025319,0.45859940093291146,0.225064383987359,0.007621707050746301,,,,,,,,,
20,4,0,global,0.2608333333333333,0.8674472520578822,0.8766020988012775,0.9253281795135664,0.8894089264173703,0.9642707679430843,0.5893921558250282,0.06137582986388009,0.0671826106264322,1.0557788944723618,0.10341273963361451,0.3543885642333192,0.0649945982756884,0.7346405912818149,0.843975432893434,,,
20,4,0,soft_moe,0.19666666666666666,0.8798908239268811,0.8765191422290431,0.9251201046356616,0.8909452061431132,0.9620213433772756,0.5902783910289546,0.1624812083102117,0.14866366546943932,0.8668341708542713,0.12767061126485163,0.4185229423434669,0.16248119867042313,0.9576908662715208,1.36322705834665,0.18806986510753632,0.5110182762145996,0.30090469121932983
20,4,0,soft_moe_calibrated,0.19083333333333333,0.8798908239268812,0.8774316645236219,0.9252674439189702,0.8956181150550796,0.9569470600544047,0.5968603691910302,0.1624812083102117,0.14866366546943932,0.8668341708542713,,,,,,,,
20,4,0,soft_moe_isotonic,0.46499999999999997,0.8793637782579645,0.8773901862375046,0.9252440443073188,0.8955742680896897,0.9569470600544047,0.5967011875378168,0.1624812083102117,0.00820067755266387,0.8668341708542713,0.09360498035530442,0.3185684745144458,0.0059813493351291245,0.9578025909332206,0.041005465110225,,,
20,4,0,soft_moe_no_kl,0.22583333333333333,0.8796599189482559,0.8773487079513874,0.9252168635087631,0.8955691554467564,0.9568947478551998,0.5965758843958698,0.17570004724449764,0.17570004724449764,,0.13490069880698255,0.4295867146035921,0.17570003018374505,1.0799943479671894,1.4081076894748001,0.4165757894515991,0.38273465633392334,0.20068900287151337
20,4,0,soft_moe_no_kl_isotonic,0.46499999999999997,0.8791188130006828,0.8774731428097391,0.9252984017802953,0.8955844918738985,0.9570516844528144,0.5969519234907648,0.17570004724449764,0.00461568831553791,,0.09351374414532303,0.318413975336645,0.00530345473435111,0.9592165160226139,0.031719392765458654,,,
20,4,0,tabnet,0.19083333333333333,0.8775812450466853,0.8741134016342444,0.9233605211989596,0.8925067122284599,0.9564239380623561,0.5844092995568013,0.1513514668693514,0.1513514668693514,0.8904522613065327,0.12650968847112196,0.4128593153005054,0.15135147855598488,0.9728818699186793,1.2852604836465957,,,
20,4,0,tabnet_isotonic,0.3833333333333333,0.8770807536074673,0.8722054004728524,0.9227606608338138,0.8859577335964954,0.9627537141661435,0.5730519781881405,0.1513514668693514,0.006941090924832614,0.8904522613065327,0.09601177116200024,0.32611115758400555,0.008076048422022426,0.958807249626647,0.027804277986451513,,,
20,4,0,lstm,0.23166666666666666,0.8798048278261255,0.8764361856568087,0.9244924340354346,0.896739932143384,0.9540175768989329,0.5950129647189054,0.1729403746865322,0.1729403746865322,0.8195979899497488,0.13144611115813937,0.4261814880369526,0.17294038165561335,1.052743460139317,1.3911627265026096,,,
20,4,0,lstm_isotonic,0.40083333333333326,0.879479393142448,0.8750674022149405,0.9245301929341018,0.8872270847359816,0.965107763130362,0.5829999978626216,0.1729403746865322,0.008224033767397533,0.8195979899497488,0.0940526114265834,0.32259584183977386,0.006882650775582618,0.9493015598606648,0.04234224312403283,,,
20,4,0,hard_moe,0.2375,0.743602845616003,0.8488116471027417,0.9104092417352833,0.858639714404933,0.9688219292739066,0.47275160802228394,0.2848862307711344,0.2884275462081959,1.291959798994975,,,,,,,,
20,4,0,hard_moe_isotonic,0.4125,0.7483748119935392,0.8487286905305073,0.9108247548719955,0.8551030714843212,0.9743147101904164,0.46953363773487145,0.2848862307711344,0.004270262416073408,,,,,,,,,
21,4,1,global,0.27249999999999996,0.8735374307737911,0.8788419262516073,0.9264731794497445,0.8929160601649685,0.9626510435737825,0.5988159538413151,0.06044136946469539,0.06884448546552258,1.079396984924623,0.10191598797346943,0.3522351312903779,0.06223022783252156,0.7278398775770147,0.8560614811898883,,,
21,4,1,soft_moe,0.17916666666666667,0.8850379522337481,0.8780123605292629,0.9260628001106167,0.8914811229428848,0.9634356855155097,0.5952047152221261,0.14731166690660313,0.1414893091716074,0.9376884422110552,0.12362515415394666,0.40631393789356735,0.1473116864526537,0.8858667280943476,1.3329241133215741,0.17664852738380432,0.5228267312049866,0.30052292346954346
21,4,1,soft_moe_calibrated,0.16749999999999998,0.8850379522337481,0.8779294039570285,0.9259529500566109,0.8920399457048672,0.9625464246482188,0.5953608472096313,0.14731166690660313,0.1414893091716074,0.9376884422110552,,,,,,,,
21,4,1,soft_moe_isotonic,0.4125,0.8847219630500709,0.8780953171014974,0.9261056495612602,0.8916053446940356,0.963383376052728,0.5955520961090709,0.14731166690660313,0.005245603505735095,0.9376884422110552,0.09264926691112446,0.31432461971437864,0.008062678422743151,0.9685307173893595,0.05235627412264887,,,
21,4,1,soft_moe_no_kl,0.17333333333333334,0.8851149703730603,0.8782612302459663,0.9261207742844917,0.8925764192139738,0.9622848773343098,0.5967816345784459,0.15479003170332026,0.15479003170332026,,0.1239354386483482,0.41170343712546104,0.15479001665955014,0.9073288000671624,1.3681667139661569,0.3993785083293915,0.4239039123058319,0.17671731114387512
21,4,1,soft_moe_no_kl_isotonic,0.4591666666666666,0.8848357665197308,0.8772242730930357,0.9256244032363435,0.8906242444756056,0.9634879949782915,0.5921342223656717,0.15479003170332026,0.008343395208070332,,0.09290673960482781,0.3135555252758856,0.008681072867354325,0.9703228130431226,0.04906778877578084,,,
21,4,1,tabnet,0.17916666666666667,0.8846718593448843,0.8762287942262226,0.9250928808113265,0.8893286355519089,0.9638541612177642,0.5880857205436885,0.13218771175228086,0.13218771175228086,0.9376884422110552,0.11846981204370102,0.38987365803044083,0.13218769795206506,0.9295309220334881,1.210284381612638,,,
21,4,1,tabnet_isotonic,0.4125,0.8842364658486271,0.875938446223402,0.924945421695817,0.8888781711198996,0.9640633990688916,0.586848962318809,0.13218771175228086,0.006815891848416852,0.9376884422110552,0.09365346285904114,0.31696574618235857,0.007890460071934224,0.9737896323611134,0.03424033151800403,,,
21,4,1,lstm,0.185,0.8857065954268788,0.8773901862375046,0.9256239935587761,0.891743830901246,0.9621802584087461,0.5934822491016022,0.14397959110049202,0.14397959110049202,0.8904522613065327,0.12115946115112115,0.39719360533087333,0.14397959168323982,0.9701840051816744,1.2695362903498126,,,
21,4,1,lstm_isotonic,0.45333333333333325,0.8848648028821845,0.877639055954208,0.9256664818827798,0.8929943118284798,0.9608202123764189,0.5952111912434758,0.14397959110049202,0.005570854068579996,0.8904522613065327,0.09305774285650498,0.3140716110530686,0.006158696845179395,0.978565404492825,0.02775493356688754,,,
21,4,1,hard_moe,0.26666666666666666,0.7867913450975974,0.8619602638018997,0.9178190438561833,0.8692642312549699,0.9721190563372915,0.5271140542404275,0.2243187858887396,0.21302420179867454,0.7487437185929648,,,,,,,,
21,4,1,hard_moe_isotonic,0.45333333333333325,0.7877017309402424,0.8618773072296653,0.9177777777777778,0.8691483889070757,0.9721713658000732,0.526749286742487,0.2243187858887396,0.0061858728691194685,,,,,,,,,
22,4,2,global,0.255,0.8749069760832648,0.8773021403683424,0.9255699260228474,0.8916900998739455,0.9621259677756853,0.593187624073274,0.07364744156859698,0.07714297769762131,1.0321608040201005,0.10368745247375943,0.35503531681864264,0.07364744156859702,0.7682486725571697,0.9108460321292924,,,
22,4,2,soft_moe,0.23166666666666666,0.8841768874560041,0.8788783806205409,0.9259296839328294,0.8987983847138776,0.9547499476878007,0.6037962241906915,0.15610304301453504,0.14828541307538826,0.914070351758794,0.12637071129447658,0.4102397864191979,0.156103052259896,0.9540353840281626,1.349523397018746,0.18415582180023193,0.5291182994842529,0.2867211699485779
22,4,2,soft_moe_calibrated,0.17333333333333334,0.8841768926956075,0.8786295005807201,0.9263899371069182,0.892313657070854,0.9631722117597824,0.5977357995816259,0.15610304301453504,0.14828541307538826,0.914070351758794,,,,,,,,
22,4,2,soft_moe_isotonic,0.46499999999999997,0.8836306064174326,0.8788369006139041,0.925887397559181,0.8989505838301227,0.9544883866917765,0.6038160111857456,0.15610304301453504,0.0045600962224480665,0.914070351758794,0.09253829021948812,0.3122914420729981,0.005427142119629107,0.9905145493148874,0.033470171346381104,,,
22,4,2,soft_moe_no_kl,0.17916666666666667,0.8843778262420123,0.8787124605939937,0.9258771040356926,0.8981900452488688,0.9553253818790542,0.6027754258634028,0.15197896738033675,0.15197896738033675,,0.12675422648542678,0.4176527461058913,0.1519789933600816,0.8343240919888503,1.405185309877887,0.4446001648902893,0.3762304186820984,0.17916813492774963
22,4,2,soft_moe_no_kl_isotonic,0.41833333333333333,0.884047699797391,0.8786709805873569,0.9258649093904449,0.8980284183096514,0.9554823184766688,0.6025121741766222,0.15197896738033675,0.0064361820039769806,,0.09275040622838329,0.3132622467724032,0.0073967999794913135,0.9822411072266669,0.044804329439305055,,,
22,4,2,tabnet,0.16749999999999998,0.8836993238145251,0.877177700348432,0.9253422757872973,0.8931613531272816,0.9599288554090813,0.5939724605667848,0.12941685915846265,0.12941685915846265,0.9613065326633166,0.11741732445821013,0.3922248265057892,0.1294168853985235,0.880735503428115,1.231669115146753,,,
22,4,2,tabnet_isotonic,0.4591666666666666,0.8833710050330371,0.8776339804214369,0.9255614433509968,0.8940235936433655,0.9594057334170328,0.5960427302736003,0.12941685915846265,0.006296766612055075,0.9613065326633166,0.09371716355618365,0.31600703456255225,0.0047823558569230415,0.9902093480764061,0.036983670184080775,,,
22,4,2,lstm,0.16749999999999998,0.8834709871429356,0.8772606603617057,0.9257633156877995,0.8894566841826158,0.9651600753295668,0.5914361841777271,0.16176786818449643,0.16176786818449643,0.8195979899497488,0.1253259842971044,0.413732049859125,0.16176786341071495,1.0054539948194954,1.3527767433323001,,,
22,4,2,lstm_isotonic,0.37749999999999995,0.8832568707546639,0.877177700348432,0.9256758452772409,0.8897842976403031,0.9645846411383134,0.5914024979324135,0.16176786818449643,0.006348241435498937,0.8195979899497488,0.09319324347251944,0.3142120582502345,0.007854793692523458,0.9772211468163973,0.050194811801988634,,,
22,4,2,hard_moe,0.24916666666666665,0.7703218327813726,0.8651899784303966,0.9194787176056687,0.8733879318459945,0.9707051684452814,0.5409887938381313,0.2607226683905771,0.2608541774328892,0.9849246231155779,,,,,,,,
22,4,2,hard_moe_isotonic,0.40083333333333326,0.7754731068349241,0.8648166583706653,0.9195487422548075,0.8706118823914365,0.9743147101904164,0.5381284477337407,0.2607226683905771,0.005017115943899008,,,,,,,,,
23,4,3,global,0.255,0.8729230579347547,0.8790028206404513,0.9266587886254494,0.8920946894515176,0.96400920694706,0.598736413445568,0.06721395538844833,0.07069922297258098,1.0321608040201005,0.10254263534839005,0.3505474075827673,0.06825468959636224,0.7608977484791697,0.874834377415904,,,
23,4,3,soft_moe,0.24916666666666665,0.8835099069161422,0.8772606603617057,0.9254265480480859,0.8928658269707728,0.96045197740113,0.5939827871903225,0.16103915095339175,0.13474340775114618,0.7487437185929648,0.1253765781155841,0.40750814608851027,0.16103913939172973,1.128854798012209,1.2777342378417893,0.16992385685443878,0.5312275886535645,0.298851877450943
23,4,3,soft_moe_calibrated,0.185,0.8835099069161422,0.877177700348432,0.9253987049960948,0.892588092345079,0.9607135383971542,0.5935101934301407,0.16103915095339175,0.13474340775114618,0.7487437185929648,,,,,,,,
23,4,3,soft_moe_isotonic,0.44166666666666665,0.8828455828551464,0.8771362203417953,0.9253753905069032,0.8925447122861586,0.9607135383971542,0.5933502355197569,0.16103915095339175,0.005870918002519167,0.7487437185929648,0.09258484108206548,0.31289851824013987,0.00637858184147983,0.984617345952566,0.014124007188089321,,,
23,4,3,soft_moe_no_kl,0.15,0.8843958295189022,0.8768873403019745,0.9252129214332511,0.8925133689839572,0.9603996652019251,0.5925739419827135,0.15541338244669714,0.15541338244669714,,0.12771205274423833,0.42122953908335853,0.1554133970694535,0.8340251183612045,1.4277907597360187,0.459994912147522,0.34371617436408997,0.19628705084323883
23,4,3,soft_moe_no_kl_isotonic,0.4125,0.8842891616752111,0.8761821801891488,0.9249566332302587,0.8903731668360679,0.9623352165725048,0.5887402763318005,0.15541338244669714,0.006642123305391612,,0.09271486873898142,0.3131727002367639,0.00541026740680213,0.9852288082070656,0.018360118250746987,,,
23,4,3,tabnet,0.17916666666666667,0.8824630656172706,0.8770117803218849,0.9254106814922896,0.8913496486551975,0.9621782799748901,0.5920372948972836,0.18696630142613077,0.18696630142613077,0.8195979899497488,0.13546989028581305,0.44094195834248207,0.18696629665721198,1.0530457310495696,1.4748952317707604,,,
23,4,3,tabnet_isotonic,0.42999999999999994,0.8818617792234053,0.876970300315248,0.9253761384793439,0.8914202617547261,0.9620213433772756,0.5919643226833915,0.18696630142613077,0.006261283417127407,0.8195979899497488,0.09379228518574835,0.3156225263053829,0.005958159194101216,0.9883675763891444,0.0123831304196165,,,
23,4,3,lstm,0.19083333333333333,0.8832278485920639,0.8774680603948897,0.9255769424569182,0.8927391135303266,0.9609227871939736,0.5945081981705744,0.14092682958976907,0.14092682958976907,0.8904522613065327,0.12096001981739886,0.3960476901127787,0.14092681268393492,0.9473555715635916,1.2593603616816127,,,
23,4,3,lstm_isotonic,0.4066666666666666,0.8825353145069778,0.8773851003816161,0.9255678098403586,0.8922710942809982,0.9614459091860221,0.5938891520699517,0.14092682958976907,0.005309124718421272,0.8904522613065327,0.0930684957428034,0.3163271526025224,0.0032983812998209072,0.9653985745973652,0.03932384503213631,,,
23,4,3,hard_moe,0.24916666666666665,0.7720249448709902,0.8659780985564958,0.9204402748023934,0.8695045359385903,0.9777150031387319,0.5419990547432841,0.23352382635867397,0.22481668229711,0.7723618090452261,,,,,,,,
23,4,3,hard_moe_isotonic,0.3833333333333333,0.7837139601223434,0.8659780985564958,0.9204402748023934,0.8695045359385903,0.9777150031387319,0.5419990547432841,0.23352382635867397,0.0069347812301368255,,,,,,,,,
24,4,4,global,0.185,0.876447026479027,0.8765555002488801,0.9258742652186909,0.8837010270064664,0.9722745344214271,0.5857483968636291,0.062059689855069614,0.06798802631999197,1.0557788944723618,0.10188647936978812,0.34833631195405707,0.06256842794491072,0.7445050665499416,0.8551109582452998,,,
24,4,4,soft_moe,0.2375,0.8870323192982386,0.8780902604944417,0.9264201487119145,0.8883660632832381,0.9678803096882193,0.5933895869423665,0.11968366333682312,0.10756052000309044,0.8668341708542713,0.11379647151814594,0.36980485494771514,0.11968367411913498,1.0238535615079676,1.0563780641640053,0.17281292378902435,0.5329727530479431,0.294208824634552
24,4,4,soft_moe_calibrated,0.20833333333333331,0.8870323192982386,0.8782147005143521,0.9264676417551593,0.8887180472804151,0.9675664364929901,0.5940073492772463,0.11968366333682312,0.10756052000309044,0.8668341708542713,,,,,,,,
24,4,4,soft_moe_isotonic,0.4358333333333333,0.8865114712940161,0.8781317405010785,0.9264470258361707,0.8883714230843096,0.9679326218874241,0.5935276154248451,0.11968366333682312,0.007384228018506994,0.8668341708542713,0.09232700244265565,0.3109059967772287,0.00715861472922222,0.993837783469924,-0.032360752712473295,,,
24,4,4,soft_moe_no_kl,0.16749999999999998,0.8858484099774119,0.8773436203749793,0.9258060469200853,0.8895800183229664,0.965107763130362,0.5917831638004413,0.14715038261342173,0.14715038261342173,,0.12277353370014149,0.40635664923819903,0.1471504013824689,0.8667575262395683,1.3397765730935793,0.4291570782661438,0.39364418387413025,0.1771969199180603
24,4,4,soft_moe_no_kl_isotonic,0.4591666666666666,0.8853840448966095,0.877177700348432,0.9257727306911333,0.8888086642599278,0.9659447583176397,0.5907340894952057,0.14715038261342173,0.007076377180434807,,0.09267942239142522,0.311371747463277,0.006182205180952921,0.989440351468743,-0.024733080622462628,,,
24,4,4,tabnet,0.15,0.887174270630456,0.8775925004148001,0.9261973239964987,0.8872969476256649,0.9686649926762921,0.5911290752974444,0.1813485043103894,0.1813485043103894,0.8904522613065327,0.13251968763527805,0.4331271363679653,0.18134850766746702,1.0235721735174523,1.48488386595729,,,
24,4,4,tabnet_isotonic,0.4358333333333333,0.8861314323884947,0.8775510204081632,0.9261741609563348,0.8872544321993292,0.9686649926762921,0.5909681373136972,0.1813485043103894,0.005934511408239468,0.8904522613065327,0.09242941652666976,0.3113952566378325,0.00656400718689906,0.9993263280124446,-0.0419145257959471,,,
24,4,4,lstm,0.185,0.8866020483160167,0.8784635805541728,0.9263485998692876,0.8916094067550566,0.9639045825486503,0.5967147054796106,0.16679657597211595,0.16679657597211595,0.8432160804020101,0.12714109746898322,0.41480505262216644,0.16679657596081632,1.0773098910988412,1.3662979351294078,,,
24,4,4,lstm_isotonic,0.44166666666666665,0.8853766675351833,0.8784635805541728,0.9263485998692876,0.8916094067550566,0.9639045825486503,0.5967147054796106,0.16679657597211595,0.003904392966583067,0.8432160804020101,0.09252013362576988,0.3152129373683827,0.005151672765948862,0.9842622814868679,-0.021650224365953163,,,
24,4,4,hard_moe,0.2608333333333333,0.7656078979348753,0.8660195785631326,0.9201641208166493,0.87217692812295,0.973739275999163,0.5432370569326098,0.27469935528074846,0.27339686676971053,0.9376884422110552,,,,,,,,
24,4,4,hard_moe_isotonic,0.44166666666666665,0.7788944629884483,0.8660195785631326,0.9201680672268907,0.8721420539730135,0.9737915881983679,0.5432198589267137,0.27469935528074846,0.004988208806853944,,,,,,,,,
