feature_name,dtype,description
avg_chapter_delays,float64,MOOC behavioral engineered feature
act_cnt_weekDay_01,float64,MOOC behavioral engineered feature
parallel_enrollments,float64,MOOC behavioral engineered feature
act_cnt_day_01,float64,MOOC behavioral engineered feature
act_cnt_day_02,float64,MOOC behavioral engineered feature
act_cnt_day_03,float64,MOOC behavioral engineered feature
act_cnt_day_04,float64,MOOC behavioral engineered feature
act_cnt_day_05,float64,MOOC behavioral engineered feature
act_cnt_day_06,float64,MOOC behavioral engineered feature
act_cnt_day_07,float64,MOOC behavioral engineered feature
act_cnt_day_08,float64,MOOC behavioral engineered feature
act_cnt_day_09,float64,MOOC behavioral engineered feature
server_sequential,float64,MOOC behavioral engineered feature
act_cnt_day_19,float64,MOOC behavioral engineered feature
act_cnt_day_18,float64,MOOC behavioral engineered feature
act_cnt_day_17,float64,MOOC behavioral engineered feature
act_cnt_day_16,float64,MOOC behavioral engineered feature
act_cnt_day_15,float64,MOOC behavioral engineered feature
act_cnt_day_14,float64,MOOC behavioral engineered feature
act_cnt_day_13,float64,MOOC behavioral engineered feature
act_cnt_day_12,float64,MOOC behavioral engineered feature
act_cnt_day_11,float64,MOOC behavioral engineered feature
act_cnt_day_10,float64,MOOC behavioral engineered feature
act_cnt_day_29,float64,MOOC behavioral engineered feature
wiki,float64,MOOC behavioral engineered feature
browser_problem,float64,MOOC behavioral engineered feature
act_cnt_weekDay_04,float64,MOOC behavioral engineered feature
act_cnt_weekDay_05,float64,MOOC behavioral engineered feature
act_cnt_weekDay_06,float64,MOOC behavioral engineered feature
act_cnt_weekDay_00,float64,MOOC behavioral engineered feature
act_cnt_weekDay_02,float64,MOOC behavioral engineered feature
act_cnt_weekDay_03,float64,MOOC behavioral engineered feature
access,float64,MOOC behavioral engineered feature
browser_combinedopenended,float64,MOOC behavioral engineered feature
browser_access,float64,MOOC behavioral engineered feature
server_chapter_percent,float64,MOOC behavioral engineered feature
browser_video,float64,MOOC behavioral engineered feature
act_cnt_hour_22,float64,MOOC behavioral engineered feature
class_size,float64,MOOC behavioral engineered feature
server_sequential_percent,float64,MOOC behavioral engineered feature
act_cnt_hour_03,float64,MOOC behavioral engineered feature
act_cnt_hour_02,float64,MOOC behavioral engineered feature
act_cnt_hour_01,float64,MOOC behavioral engineered feature
act_cnt_hour_00,float64,MOOC behavioral engineered feature
act_cnt_hour_07,float64,MOOC behavioral engineered feature
act_cnt_hour_06,float64,MOOC behavioral engineered feature
act_cnt_hour_05,float64,MOOC behavioral engineered feature
act_cnt_hour_04,float64,MOOC behavioral engineered feature
act_cnt_hour_09,float64,MOOC behavioral engineered feature
act_cnt_hour_08,float64,MOOC behavioral engineered feature
browser_video_percent,float64,MOOC behavioral engineered feature
navigate,float64,MOOC behavioral engineered feature
server_problem,float64,MOOC behavioral engineered feature
act_cnt_hour_10,float64,MOOC behavioral engineered feature
act_cnt_hour_11,float64,MOOC behavioral engineered feature
act_cnt_hour_12,float64,MOOC behavioral engineered feature
act_cnt_hour_13,float64,MOOC behavioral engineered feature
act_cnt_hour_14,float64,MOOC behavioral engineered feature
act_cnt_hour_15,float64,MOOC behavioral engineered feature
act_cnt_hour_16,float64,MOOC behavioral engineered feature
act_cnt_hour_17,float64,MOOC behavioral engineered feature
act_cnt_hour_18,float64,MOOC behavioral engineered feature
act_cnt_hour_19,float64,MOOC behavioral engineered feature
act_cnt_day_26,float64,MOOC behavioral engineered feature
act_cnt_day_27,float64,MOOC behavioral engineered feature
act_cnt_day_24,float64,MOOC behavioral engineered feature
act_cnt_day_25,float64,MOOC behavioral engineered feature
act_cnt_day_22,float64,MOOC behavioral engineered feature
act_cnt_day_23,float64,MOOC behavioral engineered feature
act_cnt_day_20,float64,MOOC behavioral engineered feature
act_cnt_day_21,float64,MOOC behavioral engineered feature
server_chapter,float64,MOOC behavioral engineered feature
act_cnt_day_28,float64,MOOC behavioral engineered feature
act_cnt_day_30,float64,MOOC behavioral engineered feature
browser_problem_percent,float64,MOOC behavioral engineered feature
browser_sequential,float64,MOOC behavioral engineered feature
act_cnt_hour_21,float64,MOOC behavioral engineered feature
act_cnt_hour_20,float64,MOOC behavioral engineered feature
act_cnt_hour_23,float64,MOOC behavioral engineered feature
server_access,float64,MOOC behavioral engineered feature
sessions_in_week_1,float64,MOOC behavioral engineered feature
sessions_in_week_0,float64,MOOC behavioral engineered feature
sessions_in_week_3,float64,MOOC behavioral engineered feature
sessions_in_week_2,float64,MOOC behavioral engineered feature
sessions_in_week_4,float64,MOOC behavioral engineered feature
tab_total_events,float64,MOOC behavioral engineered feature
tab_active_days,float64,MOOC behavioral engineered feature
tab_unique_objects,float64,MOOC behavioral engineered feature
tab_event_video,float64,MOOC behavioral engineered feature
tab_event_problem,float64,MOOC behavioral engineered feature
tab_event_discussion,float64,MOOC behavioral engineered feature
tab_event_page_close,float64,MOOC behavioral engineered feature
tab_src_server,float64,MOOC behavioral engineered feature
tab_src_browser,float64,MOOC behavioral engineered feature
tab_active_ratio,float64,MOOC behavioral engineered feature
daily_daily_mean,float64,MOOC behavioral engineered feature
daily_daily_std,float64,MOOC behavioral engineered feature
daily_daily_max,float64,MOOC behavioral engineered feature
daily_daily_first7,float64,MOOC behavioral engineered feature
daily_daily_mid14,float64,MOOC behavioral engineered feature
daily_daily_last7,float64,MOOC behavioral engineered feature
daily_daily_last3,float64,MOOC behavioral engineered feature
daily_daily_zero_last7,float64,MOOC behavioral engineered feature
daily_daily_early_to_late_ratio,float64,MOOC behavioral engineered feature
daily_daily_slope,float64,MOOC behavioral engineered feature
daily_daily_recency_weighted,float64,MOOC behavioral engineered feature
daily_daily_entropy,float64,MOOC behavioral engineered feature
mc_video_w1,float64,MOOC behavioral engineered feature
mc_video_w2,float64,MOOC behavioral engineered feature
mc_video_w3,float64,MOOC behavioral engineered feature
mc_video_w4,float64,MOOC behavioral engineered feature
mc_problem_w1,float64,MOOC behavioral engineered feature
mc_problem_w2,float64,MOOC behavioral engineered feature
mc_problem_w3,float64,MOOC behavioral engineered feature
mc_problem_w4,float64,MOOC behavioral engineered feature
mc_discussion_w1,float64,MOOC behavioral engineered feature
mc_discussion_w2,float64,MOOC behavioral engineered feature
mc_discussion_w3,float64,MOOC behavioral engineered feature
mc_discussion_w4,float64,MOOC behavioral engineered feature
mc_access_w1,float64,MOOC behavioral engineered feature
mc_access_w2,float64,MOOC behavioral engineered feature
mc_access_w3,float64,MOOC behavioral engineered feature
mc_access_w4,float64,MOOC behavioral engineered feature
mc_video_trend,float64,MOOC behavioral engineered feature
mc_video_last_ratio,float64,MOOC behavioral engineered feature
mc_problem_trend,float64,MOOC behavioral engineered feature
mc_problem_last_ratio,float64,MOOC behavioral engineered feature
mc_discussion_trend,float64,MOOC behavioral engineered feature
mc_discussion_last_ratio,float64,MOOC behavioral engineered feature
mc_access_trend,float64,MOOC behavioral engineered feature
mc_access_last_ratio,float64,MOOC behavioral engineered feature
mc_all_events_w1,float64,MOOC behavioral engineered feature
mc_all_events_w2,float64,MOOC behavioral engineered feature
mc_all_events_w3,float64,MOOC behavioral engineered feature
mc_all_events_w4,float64,MOOC behavioral engineered feature
mc_all_events_trend,float64,MOOC behavioral engineered feature
mc_all_events_last2,float64,MOOC behavioral engineered feature
mc_all_events_last_ratio,float64,MOOC behavioral engineered feature
temp_w2,float64,MOOC behavioral engineered feature
temp_w3,float64,MOOC behavioral engineered feature
temp_w4,float64,MOOC behavioral engineered feature
temp_trend,float64,MOOC behavioral engineered feature
temp_growth_rate,float64,MOOC behavioral engineered feature
temp_volatility,float64,MOOC behavioral engineered feature
temp_drop_indicator,float64,MOOC behavioral engineered feature
inter_video_x_forum,float64,MOOC behavioral engineered feature
inter_forum_per_day,float64,MOOC behavioral engineered feature
inter_problem_per_video,float64,MOOC behavioral engineered feature
inter_access_per_day,float64,MOOC behavioral engineered feature
inter_engagement_score,float64,MOOC behavioral engineered feature
inter_diversity_score,float64,MOOC behavioral engineered feature
graph_degree_approx,float64,MOOC behavioral engineered feature
graph_user_n_courses,float64,MOOC behavioral engineered feature
graph_obj_about,float64,MOOC behavioral engineered feature
graph_obj_chapter,float64,MOOC behavioral engineered feature
graph_obj_combinedopenended,float64,MOOC behavioral engineered feature
graph_obj_dictation,float64,MOOC behavioral engineered feature
graph_obj_discussion,float64,MOOC behavioral engineered feature
graph_obj_html,float64,MOOC behavioral engineered feature
graph_obj_outlink,float64,MOOC behavioral engineered feature
graph_obj_peergrading,float64,MOOC behavioral engineered feature
graph_obj_problem,float64,MOOC behavioral engineered feature
graph_obj_sequential,float64,MOOC behavioral engineered feature
graph_obj_static_tab,float64,MOOC behavioral engineered feature
graph_obj_vertical,float64,MOOC behavioral engineered feature
graph_obj_video,float64,MOOC behavioral engineered feature
seq_seq_count_PAD,float64,MOOC behavioral engineered feature
seq_seq_count_access,float64,MOOC behavioral engineered feature
seq_seq_count_navigate,float64,MOOC behavioral engineered feature
seq_seq_count_page_close,float64,MOOC behavioral engineered feature
seq_seq_count_video,float64,MOOC behavioral engineered feature
seq_seq_count_problem,float64,MOOC behavioral engineered feature
seq_seq_count_discussion,float64,MOOC behavioral engineered feature
seq_seq_count_wiki,float64,MOOC behavioral engineered feature
seq_seq_nonpad_count,float64,MOOC behavioral engineered feature
seq_seq_pad_ratio,float64,MOOC behavioral engineered feature
seq_seq_event_diversity,float64,MOOC behavioral engineered feature
seq_seq_first10_access,float64,MOOC behavioral engineered feature
seq_seq_last10_access,float64,MOOC behavioral engineered feature
seq_seq_ratio_access,float64,MOOC behavioral engineered feature
seq_seq_first10_video,float64,MOOC behavioral engineered feature
seq_seq_last10_video,float64,MOOC behavioral engineered feature
seq_seq_ratio_video,float64,MOOC behavioral engineered feature
seq_seq_first10_problem,float64,MOOC behavioral engineered feature
seq_seq_last10_problem,float64,MOOC behavioral engineered feature
seq_seq_ratio_problem,float64,MOOC behavioral engineered feature
seq_seq_first10_discussion,float64,MOOC behavioral engineered feature
seq_seq_last10_discussion,float64,MOOC behavioral engineered feature
seq_seq_ratio_discussion,float64,MOOC behavioral engineered feature
seq_seq_first10_navigate,float64,MOOC behavioral engineered feature
seq_seq_last10_navigate,float64,MOOC behavioral engineered feature
seq_seq_ratio_navigate,float64,MOOC behavioral engineered feature
seq_seq_first10_page_close,float64,MOOC behavioral engineered feature
seq_seq_last10_page_close,float64,MOOC behavioral engineered feature
seq_seq_ratio_page_close,float64,MOOC behavioral engineered feature
seq_seq_entropy,float64,MOOC behavioral engineered feature
raw_inact_days_since_last_activity,float64,MOOC behavioral engineered feature
raw_inact_last_active_day,float64,MOOC behavioral engineered feature
raw_inact_first_active_day,float64,MOOC behavioral engineered feature
raw_inact_longest_zero_streak,float64,MOOC behavioral engineered feature
raw_inact_longest_active_streak,float64,MOOC behavioral engineered feature
raw_inact_trailing_active_streak,float64,MOOC behavioral engineered feature
raw_inact_daily_zero_days,float64,MOOC behavioral engineered feature
raw_inact_daily_zero_days_ratio,float64,MOOC behavioral engineered feature
raw_inact_zero_last3,float64,MOOC behavioral engineered feature
raw_inact_active_last7,float64,MOOC behavioral engineered feature
raw_inact_active_last3,float64,MOOC behavioral engineered feature
raw_inact_first3_sum,float64,MOOC behavioral engineered feature
raw_inact_last14_sum,float64,MOOC behavioral engineered feature
raw_inact_first14_sum,float64,MOOC behavioral engineered feature
raw_inact_last7_first7_ratio,float64,MOOC behavioral engineered feature
raw_inact_last3_first3_ratio,float64,MOOC behavioral engineered feature
raw_inact_last14_first14_ratio,float64,MOOC behavioral engineered feature
raw_inact_last7_total_ratio,float64,MOOC behavioral engineered feature
raw_inact_last3_total_ratio,float64,MOOC behavioral engineered feature
raw_inact_last2_sum,float64,MOOC behavioral engineered feature
raw_inact_last5_sum,float64,MOOC behavioral engineered feature
raw_inact_last10_sum,float64,MOOC behavioral engineered feature
raw_inact_daily_cv,float64,MOOC behavioral engineered feature
raw_inact_daily_slope,float64,MOOC behavioral engineered feature
raw_inact_activity_decay_rate,float64,MOOC behavioral engineered feature
raw_inact_late_activity_entropy,float64,MOOC behavioral engineered feature
raw_inact_daily_recency_weighted,float64,MOOC behavioral engineered feature
raw_inact_is_inactive_last_day,float64,MOOC behavioral engineered feature
raw_inact_is_inactive_last3_all,float64,MOOC behavioral engineered feature
raw_inact_is_inactive_last7_all,float64,MOOC behavioral engineered feature
raw_inact_temp_w_last_first_ratio,float64,MOOC behavioral engineered feature
raw_inact_temp_w_last_total_ratio,float64,MOOC behavioral engineered feature
raw_inact_temp_w_last2_first2_ratio,float64,MOOC behavioral engineered feature
raw_inact_temp_w_drop_first_minus_last,float64,MOOC behavioral engineered feature
raw_inact_temp_w_zero_last,float64,MOOC behavioral engineered feature
raw_inact_temp_w_zero_count,float64,MOOC behavioral engineered feature
raw_inact_temp_w_trailing_zero_streak,float64,MOOC behavioral engineered feature
raw_inact_sessions_in_week_last_first_ratio,float64,MOOC behavioral engineered feature
raw_inact_sessions_in_week_last_total_ratio,float64,MOOC behavioral engineered feature
raw_inact_sessions_in_week_last2_first2_ratio,float64,MOOC behavioral engineered feature
raw_inact_sessions_in_week_drop_first_minus_last,float64,MOOC behavioral engineered feature
raw_inact_sessions_in_week_slope,float64,MOOC behavioral engineered feature
raw_inact_sessions_in_week_zero_last,float64,MOOC behavioral engineered feature
raw_inact_sessions_in_week_zero_count,float64,MOOC behavioral engineered feature
raw_inact_sessions_in_week_trailing_zero_streak,float64,MOOC behavioral engineered feature
raw_inact_mc_access_w_last_first_ratio,float64,MOOC behavioral engineered feature
raw_inact_mc_access_w_last_total_ratio,float64,MOOC behavioral engineered feature
raw_inact_mc_access_w_last2_first2_ratio,float64,MOOC behavioral engineered feature
raw_inact_mc_access_w_drop_first_minus_last,float64,MOOC behavioral engineered feature
raw_inact_mc_access_w_zero_last,float64,MOOC behavioral engineered feature
raw_inact_mc_access_w_zero_count,float64,MOOC behavioral engineered feature
raw_inact_mc_access_w_trailing_zero_streak,float64,MOOC behavioral engineered feature
raw_inact_mc_problem_w_last_first_ratio,float64,MOOC behavioral engineered feature
raw_inact_mc_problem_w_last_total_ratio,float64,MOOC behavioral engineered feature
raw_inact_mc_problem_w_last2_first2_ratio,float64,MOOC behavioral engineered feature
raw_inact_mc_problem_w_drop_first_minus_last,float64,MOOC behavioral engineered feature
raw_inact_mc_problem_w_slope,float64,MOOC behavioral engineered feature
raw_inact_mc_problem_w_zero_last,float64,MOOC behavioral engineered feature
raw_inact_mc_problem_w_zero_count,float64,MOOC behavioral engineered feature
raw_inact_mc_problem_w_trailing_zero_streak,float64,MOOC behavioral engineered feature
raw_inact_mc_video_w_last_first_ratio,float64,MOOC behavioral engineered feature
raw_inact_mc_video_w_last_total_ratio,float64,MOOC behavioral engineered feature
raw_inact_mc_video_w_last2_first2_ratio,float64,MOOC behavioral engineered feature
raw_inact_mc_video_w_drop_first_minus_last,float64,MOOC behavioral engineered feature
raw_inact_mc_video_w_slope,float64,MOOC behavioral engineered feature
raw_inact_mc_video_w_zero_last,float64,MOOC behavioral engineered feature
raw_inact_mc_video_w_zero_count,float64,MOOC behavioral engineered feature
raw_inact_mc_video_w_trailing_zero_streak,float64,MOOC behavioral engineered feature
raw_inact_mc_discussion_w_last_first_ratio,float64,MOOC behavioral engineered feature
raw_inact_mc_discussion_w_last_total_ratio,float64,MOOC behavioral engineered feature
raw_inact_mc_discussion_w_last2_first2_ratio,float64,MOOC behavioral engineered feature
raw_inact_mc_discussion_w_drop_first_minus_last,float64,MOOC behavioral engineered feature
raw_inact_mc_discussion_w_slope,float64,MOOC behavioral engineered feature
raw_inact_mc_discussion_w_zero_last,float64,MOOC behavioral engineered feature
raw_inact_mc_discussion_w_zero_count,float64,MOOC behavioral engineered feature
raw_inact_mc_discussion_w_trailing_zero_streak,float64,MOOC behavioral engineered feature
MRatio_W1_cnt_problem,float64,MOOC behavioral engineered feature
MRatio_W1_cnt_video,float64,MOOC behavioral engineered feature
MRatio_W1_cnt_access,float64,MOOC behavioral engineered feature
MRatio_W1_cnt_wiki,float64,MOOC behavioral engineered feature
MRatio_W1_cnt_discussion,float64,MOOC behavioral engineered feature
MRatio_W1_cnt_navigate,float64,MOOC behavioral engineered feature
MRatio_W1_cnt_page_close,float64,MOOC behavioral engineered feature
MRatio_W1_dur_problem,float64,MOOC behavioral engineered feature
MRatio_W1_dur_video,float64,MOOC behavioral engineered feature
MRatio_W1_dur_access,float64,MOOC behavioral engineered feature
MRatio_W1_dur_wiki,float64,MOOC behavioral engineered feature
MRatio_W1_dur_discussion,float64,MOOC behavioral engineered feature
MRatio_W1_dur_navigate,float64,MOOC behavioral engineered feature
MRatio_W1_dur_page_close,float64,MOOC behavioral engineered feature
MRatio_W2_cnt_problem,float64,MOOC behavioral engineered feature
MRatio_W2_cnt_video,float64,MOOC behavioral engineered feature
MRatio_W2_cnt_access,float64,MOOC behavioral engineered feature
MRatio_W2_cnt_wiki,float64,MOOC behavioral engineered feature
MRatio_W2_cnt_discussion,float64,MOOC behavioral engineered feature
MRatio_W2_cnt_navigate,float64,MOOC behavioral engineered feature
MRatio_W2_cnt_page_close,float64,MOOC behavioral engineered feature
MRatio_W2_dur_problem,float64,MOOC behavioral engineered feature
MRatio_W2_dur_video,float64,MOOC behavioral engineered feature
MRatio_W2_dur_access,float64,MOOC behavioral engineered feature
MRatio_W2_dur_wiki,float64,MOOC behavioral engineered feature
MRatio_W2_dur_discussion,float64,MOOC behavioral engineered feature
MRatio_W2_dur_navigate,float64,MOOC behavioral engineered feature
MRatio_W2_dur_page_close,float64,MOOC behavioral engineered feature
MRatio_W3_cnt_problem,float64,MOOC behavioral engineered feature
MRatio_W3_cnt_video,float64,MOOC behavioral engineered feature
MRatio_W3_cnt_access,float64,MOOC behavioral engineered feature
MRatio_W3_cnt_wiki,float64,MOOC behavioral engineered feature
MRatio_W3_cnt_discussion,float64,MOOC behavioral engineered feature
MRatio_W3_cnt_navigate,float64,MOOC behavioral engineered feature
MRatio_W3_cnt_page_close,float64,MOOC behavioral engineered feature
MRatio_W3_dur_problem,float64,MOOC behavioral engineered feature
MRatio_W3_dur_video,float64,MOOC behavioral engineered feature
MRatio_W3_dur_access,float64,MOOC behavioral engineered feature
MRatio_W3_dur_wiki,float64,MOOC behavioral engineered feature
MRatio_W3_dur_discussion,float64,MOOC behavioral engineered feature
MRatio_W3_dur_navigate,float64,MOOC behavioral engineered feature
MRatio_W3_dur_page_close,float64,MOOC behavioral engineered feature
MRatio_W4_cnt_problem,float64,MOOC behavioral engineered feature
MRatio_W4_cnt_video,float64,MOOC behavioral engineered feature
MRatio_W4_cnt_access,float64,MOOC behavioral engineered feature
MRatio_W4_cnt_wiki,float64,MOOC behavioral engineered feature
MRatio_W4_cnt_discussion,float64,MOOC behavioral engineered feature
MRatio_W4_cnt_navigate,float64,MOOC behavioral engineered feature
MRatio_W4_cnt_page_close,float64,MOOC behavioral engineered feature
MRatio_W4_dur_problem,float64,MOOC behavioral engineered feature
MRatio_W4_dur_video,float64,MOOC behavioral engineered feature
MRatio_W4_dur_access,float64,MOOC behavioral engineered feature
MRatio_W4_dur_wiki,float64,MOOC behavioral engineered feature
MRatio_W4_dur_discussion,float64,MOOC behavioral engineered feature
MRatio_W4_dur_navigate,float64,MOOC behavioral engineered feature
MRatio_W4_dur_page_close,float64,MOOC behavioral engineered feature
MRatio_W5_cnt_problem,float64,MOOC behavioral engineered feature
MRatio_W5_cnt_video,float64,MOOC behavioral engineered feature
MRatio_W5_cnt_access,float64,MOOC behavioral engineered feature
MRatio_W5_cnt_wiki,float64,MOOC behavioral engineered feature
MRatio_W5_cnt_discussion,float64,MOOC behavioral engineered feature
MRatio_W5_cnt_navigate,float64,MOOC behavioral engineered feature
MRatio_W5_cnt_page_close,float64,MOOC behavioral engineered feature
MRatio_W5_dur_problem,float64,MOOC behavioral engineered feature
MRatio_W5_dur_video,float64,MOOC behavioral engineered feature
MRatio_W5_dur_access,float64,MOOC behavioral engineered feature
MRatio_W5_dur_wiki,float64,MOOC behavioral engineered feature
MRatio_W5_dur_discussion,float64,MOOC behavioral engineered feature
MRatio_W5_dur_navigate,float64,MOOC behavioral engineered feature
MRatio_W5_dur_page_close,float64,MOOC behavioral engineered feature
SRatio_W1_cnt_problem,float64,MOOC behavioral engineered feature
SRatio_W1_cnt_video,float64,MOOC behavioral engineered feature
SRatio_W1_cnt_access,float64,MOOC behavioral engineered feature
SRatio_W1_cnt_wiki,float64,MOOC behavioral engineered feature
SRatio_W1_cnt_discussion,float64,MOOC behavioral engineered feature
SRatio_W1_cnt_navigate,float64,MOOC behavioral engineered feature
SRatio_W1_cnt_page_close,float64,MOOC behavioral engineered feature
SRatio_W1_dur_problem,float64,MOOC behavioral engineered feature
SRatio_W1_dur_video,float64,MOOC behavioral engineered feature
SRatio_W1_dur_access,float64,MOOC behavioral engineered feature
SRatio_W1_dur_wiki,float64,MOOC behavioral engineered feature
SRatio_W1_dur_discussion,float64,MOOC behavioral engineered feature
SRatio_W1_dur_navigate,float64,MOOC behavioral engineered feature
SRatio_W1_dur_page_close,float64,MOOC behavioral engineered feature
SRatio_W2_cnt_problem,float64,MOOC behavioral engineered feature
SRatio_W2_cnt_video,float64,MOOC behavioral engineered feature
SRatio_W2_cnt_access,float64,MOOC behavioral engineered feature
SRatio_W2_cnt_wiki,float64,MOOC behavioral engineered feature
SRatio_W2_cnt_discussion,float64,MOOC behavioral engineered feature
SRatio_W2_cnt_navigate,float64,MOOC behavioral engineered feature
SRatio_W2_cnt_page_close,float64,MOOC behavioral engineered feature
SRatio_W2_dur_problem,float64,MOOC behavioral engineered feature
SRatio_W2_dur_video,float64,MOOC behavioral engineered feature
SRatio_W2_dur_access,float64,MOOC behavioral engineered feature
SRatio_W2_dur_wiki,float64,MOOC behavioral engineered feature
SRatio_W2_dur_discussion,float64,MOOC behavioral engineered feature
SRatio_W2_dur_navigate,float64,MOOC behavioral engineered feature
SRatio_W2_dur_page_close,float64,MOOC behavioral engineered feature
SRatio_W3_cnt_problem,float64,MOOC behavioral engineered feature
SRatio_W3_cnt_video,float64,MOOC behavioral engineered feature
SRatio_W3_cnt_access,float64,MOOC behavioral engineered feature
SRatio_W3_cnt_wiki,float64,MOOC behavioral engineered feature
SRatio_W3_cnt_discussion,float64,MOOC behavioral engineered feature
SRatio_W3_cnt_navigate,float64,MOOC behavioral engineered feature
SRatio_W3_cnt_page_close,float64,MOOC behavioral engineered feature
SRatio_W3_dur_problem,float64,MOOC behavioral engineered feature
SRatio_W3_dur_video,float64,MOOC behavioral engineered feature
SRatio_W3_dur_access,float64,MOOC behavioral engineered feature
SRatio_W3_dur_wiki,float64,MOOC behavioral engineered feature
SRatio_W3_dur_discussion,float64,MOOC behavioral engineered feature
SRatio_W3_dur_navigate,float64,MOOC behavioral engineered feature
SRatio_W3_dur_page_close,float64,MOOC behavioral engineered feature
SRatio_W4_cnt_problem,float64,MOOC behavioral engineered feature
SRatio_W4_cnt_video,float64,MOOC behavioral engineered feature
SRatio_W4_cnt_access,float64,MOOC behavioral engineered feature
SRatio_W4_cnt_wiki,float64,MOOC behavioral engineered feature
SRatio_W4_cnt_discussion,float64,MOOC behavioral engineered feature
SRatio_W4_cnt_navigate,float64,MOOC behavioral engineered feature
SRatio_W4_cnt_page_close,float64,MOOC behavioral engineered feature
SRatio_W4_dur_problem,float64,MOOC behavioral engineered feature
SRatio_W4_dur_video,float64,MOOC behavioral engineered feature
SRatio_W4_dur_access,float64,MOOC behavioral engineered feature
SRatio_W4_dur_wiki,float64,MOOC behavioral engineered feature
SRatio_W4_dur_discussion,float64,MOOC behavioral engineered feature
SRatio_W4_dur_navigate,float64,MOOC behavioral engineered feature
SRatio_W4_dur_page_close,float64,MOOC behavioral engineered feature
SRatio_W5_cnt_problem,float64,MOOC behavioral engineered feature
SRatio_W5_cnt_video,float64,MOOC behavioral engineered feature
SRatio_W5_cnt_access,float64,MOOC behavioral engineered feature
SRatio_W5_cnt_wiki,float64,MOOC behavioral engineered feature
SRatio_W5_cnt_discussion,float64,MOOC behavioral engineered feature
SRatio_W5_cnt_navigate,float64,MOOC behavioral engineered feature
SRatio_W5_cnt_page_close,float64,MOOC behavioral engineered feature
SRatio_W5_dur_problem,float64,MOOC behavioral engineered feature
SRatio_W5_dur_video,float64,MOOC behavioral engineered feature
SRatio_W5_dur_access,float64,MOOC behavioral engineered feature
SRatio_W5_dur_wiki,float64,MOOC behavioral engineered feature
SRatio_W5_dur_discussion,float64,MOOC behavioral engineered feature
SRatio_W5_dur_navigate,float64,MOOC behavioral engineered feature
SRatio_W5_dur_page_close,float64,MOOC behavioral engineered feature
Rank_W1_cnt_problem,float64,MOOC behavioral engineered feature
Rank_W1_cnt_video,float64,MOOC behavioral engineered feature
Rank_W1_cnt_access,float64,MOOC behavioral engineered feature
Rank_W1_cnt_wiki,float64,MOOC behavioral engineered feature
Rank_W1_cnt_discussion,float64,MOOC behavioral engineered feature
Rank_W1_cnt_navigate,float64,MOOC behavioral engineered feature
Rank_W1_cnt_page_close,float64,MOOC behavioral engineered feature
Rank_W1_dur_problem,float64,MOOC behavioral engineered feature
Rank_W1_dur_video,float64,MOOC behavioral engineered feature
Rank_W1_dur_access,float64,MOOC behavioral engineered feature
Rank_W1_dur_wiki,float64,MOOC behavioral engineered feature
Rank_W1_dur_discussion,float64,MOOC behavioral engineered feature
Rank_W1_dur_navigate,float64,MOOC behavioral engineered feature
Rank_W1_dur_page_close,float64,MOOC behavioral engineered feature
Rank_W2_cnt_problem,float64,MOOC behavioral engineered feature
Rank_W2_cnt_video,float64,MOOC behavioral engineered feature
Rank_W2_cnt_access,float64,MOOC behavioral engineered feature
Rank_W2_cnt_wiki,float64,MOOC behavioral engineered feature
Rank_W2_cnt_discussion,float64,MOOC behavioral engineered feature
Rank_W2_cnt_navigate,float64,MOOC behavioral engineered feature
Rank_W2_cnt_page_close,float64,MOOC behavioral engineered feature
Rank_W2_dur_problem,float64,MOOC behavioral engineered feature
Rank_W2_dur_video,float64,MOOC behavioral engineered feature
Rank_W2_dur_access,float64,MOOC behavioral engineered feature
Rank_W2_dur_wiki,float64,MOOC behavioral engineered feature
Rank_W2_dur_discussion,float64,MOOC behavioral engineered feature
Rank_W2_dur_navigate,float64,MOOC behavioral engineered feature
Rank_W2_dur_page_close,float64,MOOC behavioral engineered feature
Rank_W3_cnt_problem,float64,MOOC behavioral engineered feature
Rank_W3_cnt_video,float64,MOOC behavioral engineered feature
Rank_W3_cnt_access,float64,MOOC behavioral engineered feature
Rank_W3_cnt_wiki,float64,MOOC behavioral engineered feature
Rank_W3_cnt_discussion,float64,MOOC behavioral engineered feature
Rank_W3_cnt_navigate,float64,MOOC behavioral engineered feature
Rank_W3_cnt_page_close,float64,MOOC behavioral engineered feature
Rank_W3_dur_problem,float64,MOOC behavioral engineered feature
Rank_W3_dur_video,float64,MOOC behavioral engineered feature
Rank_W3_dur_access,float64,MOOC behavioral engineered feature
Rank_W3_dur_wiki,float64,MOOC behavioral engineered feature
Rank_W3_dur_discussion,float64,MOOC behavioral engineered feature
Rank_W3_dur_navigate,float64,MOOC behavioral engineered feature
Rank_W3_dur_page_close,float64,MOOC behavioral engineered feature
Rank_W4_cnt_problem,float64,MOOC behavioral engineered feature
Rank_W4_cnt_video,float64,MOOC behavioral engineered feature
Rank_W4_cnt_access,float64,MOOC behavioral engineered feature
Rank_W4_cnt_wiki,float64,MOOC behavioral engineered feature
Rank_W4_cnt_discussion,float64,MOOC behavioral engineered feature
Rank_W4_cnt_navigate,float64,MOOC behavioral engineered feature
Rank_W4_cnt_page_close,float64,MOOC behavioral engineered feature
Rank_W4_dur_problem,float64,MOOC behavioral engineered feature
Rank_W4_dur_video,float64,MOOC behavioral engineered feature
Rank_W4_dur_access,float64,MOOC behavioral engineered feature
Rank_W4_dur_wiki,float64,MOOC behavioral engineered feature
Rank_W4_dur_discussion,float64,MOOC behavioral engineered feature
Rank_W4_dur_navigate,float64,MOOC behavioral engineered feature
Rank_W4_dur_page_close,float64,MOOC behavioral engineered feature
Rank_W5_cnt_problem,float64,MOOC behavioral engineered feature
Rank_W5_cnt_video,float64,MOOC behavioral engineered feature
Rank_W5_cnt_access,float64,MOOC behavioral engineered feature
Rank_W5_cnt_wiki,float64,MOOC behavioral engineered feature
Rank_W5_cnt_discussion,float64,MOOC behavioral engineered feature
Rank_W5_cnt_navigate,float64,MOOC behavioral engineered feature
Rank_W5_cnt_page_close,float64,MOOC behavioral engineered feature
Rank_W5_dur_problem,float64,MOOC behavioral engineered feature
Rank_W5_dur_video,float64,MOOC behavioral engineered feature
Rank_W5_dur_access,float64,MOOC behavioral engineered feature
Rank_W5_dur_wiki,float64,MOOC behavioral engineered feature
Rank_W5_dur_discussion,float64,MOOC behavioral engineered feature
Rank_W5_dur_navigate,float64,MOOC behavioral engineered feature
Rank_W5_dur_page_close,float64,MOOC behavioral engineered feature
daily_slope,float64,MOOC behavioral engineered feature
daily_recency_weighted,float64,MOOC behavioral engineered feature
new_participation_density,float64,MOOC behavioral engineered feature
peak_week_w1,float64,MOOC behavioral engineered feature
peak_week_w2,float64,MOOC behavioral engineered feature
peak_week_w3,float64,MOOC behavioral engineered feature
peak_week_w4,float64,MOOC behavioral engineered feature
course_id_encoded,float64,MOOC behavioral engineered feature
